"DateTime","Players"
"2020-12-10 00:00:00",1054388
"2020-12-11 00:00:00",985286
"2020-12-12 00:00:00",1054386
"2020-12-13 00:00:00",1047602
"2020-12-14 00:00:00",837390
"2020-12-15 00:00:00",736047
"2020-12-16 00:00:00",646103
"2020-12-17 00:00:00",580760
"2020-12-18 00:00:00",533936
"2020-12-19 00:00:00",564508
"2020-12-20 00:00:00",525716
"2020-12-21 00:00:00",418174
"2020-12-22 00:00:00",378056
"2020-12-23 00:00:00",333086
"2020-12-24 00:00:00",303464
"2020-12-25 00:00:00",302590
"2020-12-26 00:00:00",328832
"2020-12-27 00:00:00",318838
"2020-12-28 00:00:00",262070
"2020-12-29 00:00:00",245485
"2020-12-30 00:00:00",227393
"2020-12-31 00:00:00",206338
"2021-01-01 00:00:00",225963
"2021-01-02 00:00:00",225555
"2021-01-03 00:00:00",212553
"2021-01-04 00:00:00",165422
"2021-01-05 00:00:00",153736
"2021-01-06 00:00:00",147788
"2021-01-07 00:00:00",134369
"2021-01-08 00:00:00",131265
"2021-01-09 00:00:00",149156
"2021-01-10 00:00:00",144975
"2021-01-11 00:00:00",101182
"2021-01-12 00:00:00",94502
"2021-01-13 00:00:00",87774
"2021-01-14 00:00:00",83654
"2021-01-15 00:00:00",84057
"2021-01-16 00:00:00",103442
"2021-01-17 00:00:00",101699
"2021-01-18 00:00:00",72083
"2021-01-19 00:00:00",66832
"2021-01-20 00:00:00",62423
"2021-01-21 00:00:00",59527
"2021-01-22 00:00:00",60603
"2021-01-23 00:00:00",79080
"2021-01-24 00:00:00",80463
"2021-01-25 00:00:00",55555
"2021-01-26 00:00:00",51714
"2021-01-27 00:00:00",48838
"2021-01-28 00:00:00",42148
"2021-01-29 00:00:00",48014
"2021-01-30 00:00:00",60278
"2021-01-31 00:00:00",60685
"2021-02-01 00:00:00",42042
"2021-02-02 00:00:00",40160
"2021-02-03 00:00:00",37521
"2021-02-04 00:00:00",36033
"2021-02-05 00:00:00",34662
"2021-02-06 00:00:00",45041
"2021-02-07 00:00:00",47272
"2021-02-08 00:00:00",33686
"2021-02-09 00:00:00",32565
"2021-02-10 00:00:00",30976
"2021-02-11 00:00:00",29097
"2021-02-12 00:00:00",30141
"2021-02-13 00:00:00",36873
"2021-02-14 00:00:00",37656
"2021-02-15 00:00:00",29021
"2021-02-16 00:00:00",27625
"2021-02-17 00:00:00",25329
"2021-02-18 00:00:00",24856
"2021-02-19 00:00:00",24546
"2021-02-20 00:00:00",28798
"2021-02-21 00:00:00",29731
"2021-02-22 00:00:00",23144
"2021-02-23 00:00:00",22476
"2021-02-24 00:00:00",20013
"2021-02-25 00:00:00",19505
"2021-02-26 00:00:00",20110
"2021-02-27 00:00:00",25110
"2021-02-28 00:00:00",25777
"2021-03-01 00:00:00",18071
"2021-03-02 00:00:00",17188
"2021-03-03 00:00:00",16725
"2021-03-04 00:00:00",16656
"2021-03-05 00:00:00",17917
"2021-03-06 00:00:00",22532
"2021-03-07 00:00:00",22965
"2021-03-08 00:00:00",17230
"2021-03-09 00:00:00",15427
"2021-03-10 00:00:00",14756
"2021-03-11 00:00:00",14900
"2021-03-12 00:00:00",15621
"2021-03-13 00:00:00",20165
"2021-03-14 00:00:00",20778
"2021-03-15 00:00:00",14485
"2021-03-16 00:00:00",13848
"2021-03-17 00:00:00",13184
"2021-03-18 00:00:00",13280
"2021-03-19 00:00:00",14201
"2021-03-20 00:00:00",18646
"2021-03-21 00:00:00",19368
"2021-03-22 00:00:00",13285
"2021-03-23 00:00:00",13295
"2021-03-24 00:00:00",13600
"2021-03-25 00:00:00",13179
"2021-03-26 00:00:00",14099
"2021-03-27 00:00:00",18155
"2021-03-28 00:00:00",19080
"2021-03-29 00:00:00",16444
"2021-03-30 00:00:00",19517
"2021-03-31 00:00:00",19273
"2021-04-01 00:00:00",18847
"2021-04-02 00:00:00",21685
"2021-04-03 00:00:00",24656
"2021-04-04 00:00:00",25430
"2021-04-05 00:00:00",22813
"2021-04-06 00:00:00",17969
"2021-04-07 00:00:00",17082
"2021-04-08 00:00:00",16192
"2021-04-09 00:00:00",16732
"2021-04-10 00:00:00",20943
"2021-04-11 00:00:00",21589
"2021-04-12 00:00:00",15035
"2021-04-13 00:00:00",14399
"2021-04-14 00:00:00",13538
"2021-04-15 00:00:00",14061
"2021-04-16 00:00:00",14719
"2021-04-17 00:00:00",18422
"2021-04-18 00:00:00",19642
"2021-04-19 00:00:00",14061
"2021-04-20 00:00:00",13310
"2021-04-21 00:00:00",13438
"2021-04-22 00:00:00",12867
"2021-04-23 00:00:00",13552
"2021-04-24 00:00:00",16476
"2021-04-25 00:00:00",17961
"2021-04-26 00:00:00",13009
"2021-04-27 00:00:00",12579
"2021-04-28 00:00:00",11978
"2021-04-29 00:00:00",12411
"2021-04-30 00:00:00",13051
"2021-05-01 00:00:00",16647
"2021-05-02 00:00:00",17908
"2021-05-03 00:00:00",14728
"2021-05-04 00:00:00",13534
"2021-05-05 00:00:00",12516
"2021-05-06 00:00:00",12196
"2021-05-07 00:00:00",12053
"2021-05-08 00:00:00",14919
"2021-05-09 00:00:00",15011
"2021-05-10 00:00:00",12006
"2021-05-11 00:00:00",11372
"2021-05-12 00:00:00",11390
"2021-05-13 00:00:00",12196
"2021-05-14 00:00:00",11903
"2021-05-15 00:00:00",14364
"2021-05-16 00:00:00",15366
"2021-05-17 00:00:00",10982
"2021-05-18 00:00:00",10550
"2021-05-19 00:00:00",10866
"2021-05-20 00:00:00",11138
"2021-05-21 00:00:00",12006
"2021-05-22 00:00:00",15336
"2021-05-23 00:00:00",16122
"2021-05-24 00:00:00",13945
"2021-05-25 00:00:00",12019
"2021-05-26 00:00:00",11615
"2021-05-27 00:00:00",11502
"2021-05-28 00:00:00",12129
"2021-05-29 00:00:00",14836
"2021-05-30 00:00:00",15499
"2021-05-31 00:00:00",13329
"2021-06-01 00:00:00",10971
"2021-06-02 00:00:00",10935
"2021-06-03 00:00:00",11348
"2021-06-04 00:00:00",11152
"2021-06-05 00:00:00",13699
"2021-06-06 00:00:00",14397
"2021-06-07 00:00:00",10542
"2021-06-08 00:00:00",10088
"2021-06-09 00:00:00",9539
"2021-06-10 00:00:00",9304
"2021-06-11 00:00:00",9868
"2021-06-12 00:00:00",12165
"2021-06-13 00:00:00",13308
"2021-06-14 00:00:00",10261
"2021-06-15 00:00:00",9466
"2021-06-16 00:00:00",9013
"2021-06-17 00:00:00",8509
"2021-06-18 00:00:00",10296
"2021-06-19 00:00:00",12611
"2021-06-20 00:00:00",13602
"2021-06-21 00:00:00",10398
"2021-06-22 00:00:00",10136
"2021-06-23 00:00:00",9804
"2021-06-24 00:00:00",9797
"2021-06-25 00:00:00",10956
"2021-06-26 00:00:00",14158
"2021-06-27 00:00:00",15703
"2021-06-28 00:00:00",12523
"2021-06-29 00:00:00",12391
"2021-06-30 00:00:00",12124
"2021-07-01 00:00:00",12387
"2021-07-02 00:00:00",13087
"2021-07-03 00:00:00",15746
"2021-07-04 00:00:00",17146
"2021-07-05 00:00:00",14185
"2021-07-06 00:00:00",13286
"2021-07-07 00:00:00",12568
"2021-07-08 00:00:00",12444
"2021-07-09 00:00:00",12536
"2021-07-10 00:00:00",14765
"2021-07-11 00:00:00",15797
"2021-07-12 00:00:00",12139
"2021-07-13 00:00:00",11790
"2021-07-14 00:00:00",11586
"2021-07-15 00:00:00",11229
"2021-07-16 00:00:00",11302
"2021-07-17 00:00:00",13576
"2021-07-18 00:00:00",14384
"2021-07-19 00:00:00",11337
"2021-07-20 00:00:00",10774
"2021-07-21 00:00:00",10579
"2021-07-22 00:00:00",10516
"2021-07-23 00:00:00",10418
"2021-07-24 00:00:00",12556
"2021-07-25 00:00:00",13609
"2021-07-26 00:00:00",10470
"2021-07-27 00:00:00",10251
"2021-07-28 00:00:00",10083
"2021-07-29 00:00:00",9788
"2021-07-30 00:00:00",10010
"2021-07-31 00:00:00",12269
"2021-08-01 00:00:00",13359
"2021-08-02 00:00:00",10279
"2021-08-03 00:00:00",10151
"2021-08-04 00:00:00",10140
"2021-08-05 00:00:00",10107
"2021-08-06 00:00:00",10458
"2021-08-07 00:00:00",12705
"2021-08-08 00:00:00",13746
"2021-08-09 00:00:00",10577
"2021-08-10 00:00:00",10265
"2021-08-11 00:00:00",9872
"2021-08-12 00:00:00",9748
"2021-08-13 00:00:00",9904
"2021-08-14 00:00:00",11488
"2021-08-15 00:00:00",12422
"2021-08-16 00:00:00",10053
"2021-08-17 00:00:00",10281
"2021-08-18 00:00:00",11806
"2021-08-19 00:00:00",13811
"2021-08-20 00:00:00",14286
"2021-08-21 00:00:00",17240
"2021-08-22 00:00:00",19018
"2021-08-23 00:00:00",14412
"2021-08-24 00:00:00",15355
"2021-08-25 00:00:00",15202
"2021-08-26 00:00:00",15375
"2021-08-27 00:00:00",16187
"2021-08-28 00:00:00",19842
"2021-08-29 00:00:00",21543
"2021-08-30 00:00:00",16729
"2021-08-31 00:00:00",15913
"2021-09-01 00:00:00",15064
"2021-09-02 00:00:00",14726
"2021-09-03 00:00:00",15179
"2021-09-04 00:00:00",18733
"2021-09-05 00:00:00",19772
"2021-09-06 00:00:00",17652
"2021-09-07 00:00:00",14398
"2021-09-08 00:00:00",13047
"2021-09-09 00:00:00",12700
"2021-09-10 00:00:00",12937
"2021-09-11 00:00:00",15558
"2021-09-12 00:00:00",16564
"2021-09-13 00:00:00",11672
"2021-09-14 00:00:00",10675
"2021-09-15 00:00:00",11608
"2021-09-16 00:00:00",11485
"2021-09-17 00:00:00",11853
"2021-09-18 00:00:00",14574
"2021-09-19 00:00:00",16804
"2021-09-20 00:00:00",12171
"2021-09-21 00:00:00",11247
"2021-09-22 00:00:00",10505
"2021-09-23 00:00:00",10529
"2021-09-24 00:00:00",10675
"2021-09-25 00:00:00",13018
"2021-09-26 00:00:00",14268
"2021-09-27 00:00:00",10039
"2021-09-28 00:00:00",9489
"2021-09-29 00:00:00",9324
"2021-09-30 00:00:00",9524
"2021-10-01 00:00:00",9813
"2021-10-02 00:00:00",12225
"2021-10-03 00:00:00",13614
"2021-10-04 00:00:00",9952
"2021-10-05 00:00:00",9448
"2021-10-06 00:00:00",9238
"2021-10-07 00:00:00",8510
"2021-10-08 00:00:00",8417
"2021-10-09 00:00:00",10871
"2021-10-10 00:00:00",12118
"2021-10-11 00:00:00",9357
"2021-10-12 00:00:00",8496
"2021-10-13 00:00:00",8143
"2021-10-14 00:00:00",8032
"2021-10-15 00:00:00",8430
"2021-10-16 00:00:00",10890
"2021-10-17 00:00:00",11640
"2021-10-18 00:00:00",8449
"2021-10-19 00:00:00",8414
"2021-10-20 00:00:00",8447
"2021-10-21 00:00:00",8569
"2021-10-22 00:00:00",8965
"2021-10-23 00:00:00",12907
"2021-10-24 00:00:00",14966
"2021-10-25 00:00:00",10844
"2021-10-26 00:00:00",10543
"2021-10-27 00:00:00",10296
"2021-10-28 00:00:00",10035
"2021-10-29 00:00:00",11106
"2021-10-30 00:00:00",14602
"2021-10-31 00:00:00",16250
"2021-11-01 00:00:00",13748
"2021-11-02 00:00:00",12476
"2021-11-03 00:00:00",11941
"2021-11-04 00:00:00",12037
"2021-11-05 00:00:00",12374
"2021-11-06 00:00:00",14337
"2021-11-07 00:00:00",15291
"2021-11-08 00:00:00",10429
"2021-11-09 00:00:00",9983
"2021-11-10 00:00:00",9721
"2021-11-11 00:00:00",10041
"2021-11-12 00:00:00",10606
"2021-11-13 00:00:00",13310
"2021-11-14 00:00:00",14030
"2021-11-15 00:00:00",9849
"2021-11-16 00:00:00",9561
"2021-11-17 00:00:00",9673
"2021-11-18 00:00:00",9480
"2021-11-19 00:00:00",9898
"2021-11-20 00:00:00",12672
"2021-11-21 00:00:00",13576
"2021-11-22 00:00:00",9781
"2021-11-23 00:00:00",9665
"2021-11-24 00:00:00",9395
"2021-11-25 00:00:00",12803
"2021-11-26 00:00:00",17314
"2021-11-27 00:00:00",25294
"2021-11-28 00:00:00",29004
"2021-11-29 00:00:00",22732
"2021-11-30 00:00:00",23694
"2021-12-01 00:00:00",23594
"2021-12-02 00:00:00",23452
"2021-12-03 00:00:00",23762
"2021-12-04 00:00:00",28398
"2021-12-05 00:00:00",29234
"2021-12-06 00:00:00",20754
"2021-12-07 00:00:00",19532
"2021-12-08 00:00:00",18924
"2021-12-09 00:00:00",19086
"2021-12-10 00:00:00",21632
"2021-12-11 00:00:00",28188
"2021-12-12 00:00:00",30304
"2021-12-13 00:00:00",22487
"2021-12-14 00:00:00",21249
"2021-12-15 00:00:00",19501
"2021-12-16 00:00:00",18482
"2021-12-17 00:00:00",18576
"2021-12-18 00:00:00",22589
"2021-12-19 00:00:00",22882
"2021-12-20 00:00:00",16934
"2021-12-21 00:00:00",16431
"2021-12-22 00:00:00",16262
"2021-12-23 00:00:00",16985
"2021-12-24 00:00:00",18538
"2021-12-25 00:00:00",21331
"2021-12-26 00:00:00",23720
"2021-12-27 00:00:00",21705
"2021-12-28 00:00:00",21747
"2021-12-29 00:00:00",21816
"2021-12-30 00:00:00",21864
"2021-12-31 00:00:00",22192
"2022-01-01 00:00:00",25654
"2022-01-02 00:00:00",27631
"2022-01-03 00:00:00",22964
"2022-01-04 00:00:00",21679
"2022-01-05 00:00:00",21345
"2022-01-06 00:00:00",21251
"2022-01-07 00:00:00",21306
"2022-01-08 00:00:00",24664
"2022-01-09 00:00:00",25232
"2022-01-10 00:00:00",17623
"2022-01-11 00:00:00",16680
"2022-01-12 00:00:00",15708
"2022-01-13 00:00:00",15259
"2022-01-14 00:00:00",16051
"2022-01-15 00:00:00",20139
"2022-01-16 00:00:00",20821
"2022-01-17 00:00:00",16227
"2022-01-18 00:00:00",13942
"2022-01-19 00:00:00",13358
"2022-01-20 00:00:00",13076
"2022-01-21 00:00:00",13577
"2022-01-22 00:00:00",17716
"2022-01-23 00:00:00",18607
"2022-01-24 00:00:00",13073
"2022-01-25 00:00:00",12519
"2022-01-26 00:00:00",12058
"2022-01-27 00:00:00",11766
"2022-01-28 00:00:00",13225
"2022-01-29 00:00:00",18249
"2022-01-30 00:00:00",20266
"2022-01-31 00:00:00",14836
"2022-02-01 00:00:00",15092
"2022-02-02 00:00:00",15429
"2022-02-03 00:00:00",15718
"2022-02-04 00:00:00",15741
"2022-02-05 00:00:00",18284
"2022-02-06 00:00:00",19425
"2022-02-07 00:00:00",13495
"2022-02-08 00:00:00",13073
"2022-02-09 00:00:00",12159
"2022-02-10 00:00:00",11910
"2022-02-11 00:00:00",12434
"2022-02-12 00:00:00",15055
"2022-02-13 00:00:00",15684
"2022-02-14 00:00:00",10622
"2022-02-15 00:00:00",20097
"2022-02-16 00:00:00",34255
"2022-02-17 00:00:00",37613
"2022-02-18 00:00:00",41830
"2022-02-19 00:00:00",48202
"2022-02-20 00:00:00",59061
"2022-02-21 00:00:00",45850
"2022-02-22 00:00:00",43552
"2022-02-23 00:00:00",43505
"2022-02-24 00:00:00",37096
"2022-02-25 00:00:00",36231
"2022-02-26 00:00:00",43744
"2022-02-27 00:00:00",45034
"2022-02-28 00:00:00",32797
"2022-03-01 00:00:00",32226
"2022-03-02 00:00:00",30269
"2022-03-03 00:00:00",28484
"2022-03-04 00:00:00",28881
"2022-03-05 00:00:00",34296
"2022-03-06 00:00:00",35109
"2022-03-07 00:00:00",25776
"2022-03-08 00:00:00",24794
"2022-03-09 00:00:00",21708
"2022-03-10 00:00:00",20821
"2022-03-11 00:00:00",22298
"2022-03-12 00:00:00",27896
"2022-03-13 00:00:00",28866
"2022-03-14 00:00:00",19650
"2022-03-15 00:00:00",18690
"2022-03-16 00:00:00",18038
"2022-03-17 00:00:00",17704
"2022-03-18 00:00:00",18587
"2022-03-19 00:00:00",23597
"2022-03-20 00:00:00",24658
"2022-03-21 00:00:00",17088
"2022-03-22 00:00:00",14938
"2022-03-23 00:00:00",15834
"2022-03-24 00:00:00",15979
"2022-03-25 00:00:00",16740
"2022-03-26 00:00:00",21674
"2022-03-27 00:00:00",23341
"2022-03-28 00:00:00",16425
"2022-03-29 00:00:00",15717
"2022-03-30 00:00:00",15278
"2022-03-31 00:00:00",15026
"2022-04-01 00:00:00",15279
"2022-04-02 00:00:00",19830
"2022-04-03 00:00:00",21786
"2022-04-04 00:00:00",15094
"2022-04-05 00:00:00",13783
"2022-04-06 00:00:00",12969
"2022-04-07 00:00:00",12769
"2022-04-08 00:00:00",13508
"2022-04-09 00:00:00",17239
"2022-04-10 00:00:00",18113
"2022-04-11 00:00:00",12884
"2022-04-12 00:00:00",12136
"2022-04-13 00:00:00",11848
"2022-04-14 00:00:00",11702
"2022-04-15 00:00:00",13923
"2022-04-16 00:00:00",15634
"2022-04-17 00:00:00",16032
"2022-04-18 00:00:00",13861
"2022-04-19 00:00:00",13269
"2022-04-20 00:00:00",14018
"2022-04-21 00:00:00",15016
"2022-04-22 00:00:00",16465
"2022-04-23 00:00:00",20754
"2022-04-24 00:00:00",23181
"2022-04-25 00:00:00",17340
"2022-04-26 00:00:00",17119
"2022-04-27 00:00:00",17063
"2022-04-28 00:00:00",16632
"2022-04-29 00:00:00",17324
"2022-04-30 00:00:00",21790
"2022-05-01 00:00:00",24102
"2022-05-02 00:00:00",19977
"2022-05-03 00:00:00",18722
"2022-05-04 00:00:00",16155
"2022-05-05 00:00:00",15295
"2022-05-06 00:00:00",15153
"2022-05-07 00:00:00",18680
"2022-05-08 00:00:00",18791
"2022-05-09 00:00:00",14272
"2022-05-10 00:00:00",13654
"2022-05-11 00:00:00",12564
"2022-05-12 00:00:00",12181
"2022-05-13 00:00:00",12704
"2022-05-14 00:00:00",15377
"2022-05-15 00:00:00",16069
"2022-05-16 00:00:00",11605
"2022-05-17 00:00:00",11258
"2022-05-18 00:00:00",10991
"2022-05-19 00:00:00",10778
"2022-05-20 00:00:00",11225
"2022-05-21 00:00:00",13843
"2022-05-22 00:00:00",14656
"2022-05-23 00:00:00",10902
"2022-05-24 00:00:00",10417
"2022-05-25 00:00:00",10148
"2022-05-26 00:00:00",11017
"2022-05-27 00:00:00",11139
"2022-05-28 00:00:00",13260
"2022-05-29 00:00:00",14104
"2022-05-30 00:00:00",12018
"2022-05-31 00:00:00",9827
"2022-06-01 00:00:00",9304
"2022-06-02 00:00:00",9700
"2022-06-03 00:00:00",10028
"2022-06-04 00:00:00",12201
"2022-06-05 00:00:00",13041
"2022-06-06 00:00:00",10842
"2022-06-07 00:00:00",9489
"2022-06-08 00:00:00",9167
"2022-06-09 00:00:00",9099
"2022-06-10 00:00:00",9557
"2022-06-11 00:00:00",14099
"2022-06-12 00:00:00",16925
"2022-06-13 00:00:00",14261
"2022-06-14 00:00:00",13242
"2022-06-15 00:00:00",12260
"2022-06-16 00:00:00",12742
"2022-06-17 00:00:00",12609
"2022-06-18 00:00:00",15137
"2022-06-19 00:00:00",16267
"2022-06-20 00:00:00",12297
"2022-06-21 00:00:00",11562
"2022-06-22 00:00:00",11066
"2022-06-23 00:00:00",10595
"2022-06-24 00:00:00",12425
"2022-06-25 00:00:00",16282
"2022-06-26 00:00:00",18621
"2022-06-27 00:00:00",14522
"2022-06-28 00:00:00",14660
"2022-06-29 00:00:00",14484
"2022-06-30 00:00:00",14282
"2022-07-01 00:00:00",15183
"2022-07-02 00:00:00",17992
"2022-07-03 00:00:00",19577
"2022-07-04 00:00:00",17151
"2022-07-05 00:00:00",15649
"2022-07-06 00:00:00",15510
"2022-07-07 00:00:00",15517
"2022-07-08 00:00:00",15693
"2022-07-09 00:00:00",18345
"2022-07-10 00:00:00",19397
"2022-07-11 00:00:00",14733
"2022-07-12 00:00:00",14179
"2022-07-13 00:00:00",13529
"2022-07-14 00:00:00",13320
"2022-07-15 00:00:00",13420
"2022-07-16 00:00:00",16093
"2022-07-17 00:00:00",17089
"2022-07-18 00:00:00",13154
"2022-07-19 00:00:00",12719
"2022-07-20 00:00:00",11928
"2022-07-21 00:00:00",11974
"2022-07-22 00:00:00",12552
"2022-07-23 00:00:00",14656
"2022-07-24 00:00:00",15940
"2022-07-25 00:00:00",12356
"2022-07-26 00:00:00",12066
"2022-07-27 00:00:00",11706
"2022-07-28 00:00:00",11632
"2022-07-29 00:00:00",11861
"2022-07-30 00:00:00",14480
"2022-07-31 00:00:00",15454
"2022-08-01 00:00:00",12020
"2022-08-02 00:00:00",11162
"2022-08-03 00:00:00",11099
"2022-08-04 00:00:00",10840
"2022-08-05 00:00:00",11440
"2022-08-06 00:00:00",13715
"2022-08-07 00:00:00",14731
"2022-08-08 00:00:00",11567
"2022-08-09 00:00:00",13545
"2022-08-10 00:00:00",14618
"2022-08-11 00:00:00",15478
"2022-08-12 00:00:00",16096
"2022-08-13 00:00:00",17900
"2022-08-14 00:00:00",18835
"2022-08-15 00:00:00",15457
"2022-08-16 00:00:00",14005
"2022-08-17 00:00:00",13444
"2022-08-18 00:00:00",13049
"2022-08-19 00:00:00",13157
"2022-08-20 00:00:00",15361
"2022-08-21 00:00:00",16398
"2022-08-22 00:00:00",12165
"2022-08-23 00:00:00",11585
"2022-08-24 00:00:00",10746
"2022-08-25 00:00:00",10524
"2022-08-26 00:00:00",11027
"2022-08-27 00:00:00",13034
"2022-08-28 00:00:00",14162
"2022-08-29 00:00:00",10937
"2022-08-30 00:00:00",10538
"2022-08-31 00:00:00",10242
"2022-09-01 00:00:00",9890
"2022-09-02 00:00:00",10482
"2022-09-03 00:00:00",13288
"2022-09-04 00:00:00",14189
"2022-09-05 00:00:00",12499
"2022-09-06 00:00:00",12939
"2022-09-07 00:00:00",19233
"2022-09-08 00:00:00",19552
"2022-09-09 00:00:00",21081
"2022-09-10 00:00:00",26131
"2022-09-11 00:00:00",28560
"2022-09-12 00:00:00",20697
"2022-09-13 00:00:00",23162
"2022-09-14 00:00:00",30071
"2022-09-15 00:00:00",36806
"2022-09-16 00:00:00",46911
"2022-09-17 00:00:00",68394
"2022-09-18 00:00:00",85555
"2022-09-19 00:00:00",78478
"2022-09-20 00:00:00",83252
"2022-09-21 00:00:00",86130
"2022-09-22 00:00:00",89395
"2022-09-23 00:00:00",97232
"2022-09-24 00:00:00",122376
"2022-09-25 00:00:00",136724
"2022-09-26 00:00:00",105439
"2022-09-27 00:00:00",102442
"2022-09-28 00:00:00",95538
"2022-09-29 00:00:00",91455
"2022-09-30 00:00:00",94792
"2022-10-01 00:00:00",113383
"2022-10-02 00:00:00",118298
"2022-10-03 00:00:00",89973
"2022-10-04 00:00:00",83559
"2022-10-05 00:00:00",76727
"2022-10-06 00:00:00",73928
"2022-10-07 00:00:00",74227
"2022-10-08 00:00:00",88535
"2022-10-09 00:00:00",93591
"2022-10-10 00:00:00",69734
"2022-10-11 00:00:00",63632
"2022-10-12 00:00:00",61518
"2022-10-13 00:00:00",58277
"2022-10-14 00:00:00",60730
"2022-10-15 00:00:00",75013
"2022-10-16 00:00:00",75303
"2022-10-17 00:00:00",53506
"2022-10-18 00:00:00",50781
"2022-10-19 00:00:00",47963
"2022-10-20 00:00:00",46419
"2022-10-21 00:00:00",47507
"2022-10-22 00:00:00",58640
"2022-10-23 00:00:00",59499
"2022-10-24 00:00:00",41948
"2022-10-25 00:00:00",40177
"2022-10-26 00:00:00",38016
"2022-10-27 00:00:00",36727
"2022-10-28 00:00:00",38313
"2022-10-29 00:00:00",58188
"2022-10-30 00:00:00",64856
"2022-10-31 00:00:00",53376
"2022-11-01 00:00:00",56768
"2022-11-02 00:00:00",47981
"2022-11-03 00:00:00",46182
"2022-11-04 00:00:00",47890
"2022-11-05 00:00:00",57298
"2022-11-06 00:00:00",56087
"2022-11-07 00:00:00",38433
"2022-11-08 00:00:00",31781
"2022-11-09 00:00:00",33463
"2022-11-10 00:00:00",33542
"2022-11-11 00:00:00",37589
"2022-11-12 00:00:00",44443
"2022-11-13 00:00:00",44892
"2022-11-14 00:00:00",31982
"2022-11-15 00:00:00",30740
"2022-11-16 00:00:00",29721
"2022-11-17 00:00:00",27895
"2022-11-18 00:00:00",29130
"2022-11-19 00:00:00",36139
"2022-11-20 00:00:00",36445
"2022-11-21 00:00:00",25944
"2022-11-22 00:00:00",25958
"2022-11-23 00:00:00",29807
"2022-11-24 00:00:00",34858
"2022-11-25 00:00:00",39716
"2022-11-26 00:00:00",48893
"2022-11-27 00:00:00",51913
"2022-11-28 00:00:00",40358
"2022-11-29 00:00:00",40899
"2022-11-30 00:00:00",40048
"2022-12-01 00:00:00",37702
"2022-12-02 00:00:00",38185
"2022-12-03 00:00:00",45032
"2022-12-04 00:00:00",45634
"2022-12-05 00:00:00",33531
"2022-12-06 00:00:00",39297
"2022-12-07 00:00:00",29253
"2022-12-08 00:00:00",28250
"2022-12-09 00:00:00",31827
"2022-12-10 00:00:00",42021
"2022-12-11 00:00:00",44775
"2022-12-12 00:00:00",34267
"2022-12-13 00:00:00",33233
"2022-12-14 00:00:00",30717
"2022-12-15 00:00:00",29334
"2022-12-16 00:00:00",30195
"2022-12-17 00:00:00",35542
"2022-12-18 00:00:00",36173
"2022-12-19 00:00:00",27121
"2022-12-20 00:00:00",26854
"2022-12-21 00:00:00",26243
"2022-12-22 00:00:00",26201
"2022-12-23 00:00:00",30469
"2022-12-24 00:00:00",34835
"2022-12-25 00:00:00",36156
"2022-12-26 00:00:00",38023
"2022-12-27 00:00:00",37426
"2022-12-28 00:00:00",37371
"2022-12-29 00:00:00",37842
"2022-12-30 00:00:00",39209
"2022-12-31 00:00:00",39715
"2023-01-01 00:00:00",42907
"2023-01-02 00:00:00",41462
"2023-01-03 00:00:00",37801
"2023-01-04 00:00:00",37755
"2023-01-05 00:00:00",38069
"2023-01-06 00:00:00",39444
"2023-01-07 00:00:00",42977
"2023-01-08 00:00:00",43786
"2023-01-09 00:00:00",31425
"2023-01-10 00:00:00",30290
"2023-01-11 00:00:00",28682
"2023-01-12 00:00:00",27327
"2023-01-13 00:00:00",28376
"2023-01-14 00:00:00",34859
"2023-01-15 00:00:00",35921
"2023-01-16 00:00:00",26502
"2023-01-17 00:00:00",26140
"2023-01-18 00:00:00",26593
"2023-01-19 00:00:00",28103
"2023-01-20 00:00:00",29777
"2023-01-21 00:00:00",36560
"2023-01-22 00:00:00",40654
"2023-01-23 00:00:00",31739
"2023-01-24 00:00:00",30318
"2023-01-25 00:00:00",29140
"2023-01-26 00:00:00",27881
"2023-01-27 00:00:00",27697
"2023-01-28 00:00:00",32826
"2023-01-29 00:00:00",33783
"2023-01-30 00:00:00",24068
"2023-01-31 00:00:00",19783
"2023-02-01 00:00:00",20877
"2023-02-02 00:00:00",20909
"2023-02-03 00:00:00",22290
"2023-02-04 00:00:00",27748
"2023-02-05 00:00:00",29224
"2023-02-06 00:00:00",20503
"2023-02-07 00:00:00",19868
"2023-02-08 00:00:00",18892
"2023-02-09 00:00:00",18742
"2023-02-10 00:00:00",19580
"2023-02-11 00:00:00",23769
"2023-02-12 00:00:00",24566
"2023-02-13 00:00:00",17944
"2023-02-14 00:00:00",16720
"2023-02-15 00:00:00",16601
"2023-02-16 00:00:00",16263
"2023-02-17 00:00:00",17286
"2023-02-18 00:00:00",21746
"2023-02-19 00:00:00",22151
"2023-02-20 00:00:00",16725
"2023-02-21 00:00:00",15885
"2023-02-22 00:00:00",15717
"2023-02-23 00:00:00",16275
"2023-02-24 00:00:00",16487
"2023-02-25 00:00:00",20114
"2023-02-26 00:00:00",20326
"2023-02-27 00:00:00",14728
"2023-02-28 00:00:00",14530
"2023-03-01 00:00:00",13855
"2023-03-02 00:00:00",13983
"2023-03-03 00:00:00",14803
"2023-03-04 00:00:00",18566
"2023-03-05 00:00:00",19029
"2023-03-06 00:00:00",13652
"2023-03-07 00:00:00",13510
"2023-03-08 00:00:00",13531
"2023-03-09 00:00:00",12894
"2023-03-10 00:00:00",14028
"2023-03-11 00:00:00",17689
"2023-03-12 00:00:00",18373
"2023-03-13 00:00:00",13087
"2023-03-14 00:00:00",13059
"2023-03-15 00:00:00",12601
"2023-03-16 00:00:00",12614
"2023-03-17 00:00:00",17586
"2023-03-18 00:00:00",23972
"2023-03-19 00:00:00",26373
"2023-03-20 00:00:00",21035
"2023-03-21 00:00:00",20958
"2023-03-22 00:00:00",21012
"2023-03-23 00:00:00",21141
"2023-03-24 00:00:00",21838
"2023-03-25 00:00:00",25083
"2023-03-26 00:00:00",25967
"2023-03-27 00:00:00",19600
"2023-03-28 00:00:00",18866
"2023-03-29 00:00:00",18094
"2023-03-30 00:00:00",17748
"2023-03-31 00:00:00",18991
"2023-04-01 00:00:00",22619
"2023-04-02 00:00:00",23544
"2023-04-03 00:00:00",17714
"2023-04-04 00:00:00",18493
"2023-04-05 00:00:00",17753
"2023-04-06 00:00:00",17456
"2023-04-07 00:00:00",20008
"2023-04-08 00:00:00",21600
"2023-04-09 00:00:00",21239
"2023-04-10 00:00:00",19597
"2023-04-11 00:00:00",12425
"2023-04-12 00:00:00",15228
"2023-04-13 00:00:00",17404
"2023-04-14 00:00:00",20854
"2023-04-15 00:00:00",27104
"2023-04-16 00:00:00",29813
"2023-04-17 00:00:00",23001
"2023-04-18 00:00:00",22473
"2023-04-19 00:00:00",22439
"2023-04-20 00:00:00",21267
"2023-04-21 00:00:00",23905
"2023-04-22 00:00:00",28823
"2023-04-23 00:00:00",31446
"2023-04-24 00:00:00",23535
"2023-04-25 00:00:00",22317
"2023-04-26 00:00:00",19677
"2023-04-27 00:00:00",18879
"2023-04-28 00:00:00",19341
"2023-04-29 00:00:00",23254
"2023-04-30 00:00:00",23867
"2023-05-01 00:00:00",22434
"2023-05-02 00:00:00",17424
"2023-05-03 00:00:00",16521
"2023-05-04 00:00:00",16170
"2023-05-05 00:00:00",16678
"2023-05-06 00:00:00",20870
"2023-05-07 00:00:00",21803
"2023-05-08 00:00:00",17428
"2023-05-09 00:00:00",15919
"2023-05-10 00:00:00",14441
"2023-05-11 00:00:00",14016
"2023-05-12 00:00:00",15080
"2023-05-13 00:00:00",17836
"2023-05-14 00:00:00",18333
"2023-05-15 00:00:00",13720
"2023-05-16 00:00:00",13193
"2023-05-17 00:00:00",12922
"2023-05-18 00:00:00",13920
"2023-05-19 00:00:00",13848
"2023-05-20 00:00:00",16534
"2023-05-21 00:00:00",17257
"2023-05-22 00:00:00",12965
"2023-05-23 00:00:00",12618
"2023-05-24 00:00:00",12215
"2023-05-25 00:00:00",12284
"2023-05-26 00:00:00",13333
"2023-05-27 00:00:00",16196
"2023-05-28 00:00:00",16516
"2023-05-29 00:00:00",15590
"2023-05-30 00:00:00",12638
"2023-05-31 00:00:00",12308
"2023-06-01 00:00:00",11945
"2023-06-02 00:00:00",12538
"2023-06-03 00:00:00",15202
"2023-06-04 00:00:00",16387
"2023-06-05 00:00:00",12783
"2023-06-06 00:00:00",12217
"2023-06-07 00:00:00",11823
"2023-06-08 00:00:00",12427
"2023-06-09 00:00:00",12695
"2023-06-10 00:00:00",14891
"2023-06-11 00:00:00",15706
"2023-06-12 00:00:00",17480
"2023-06-13 00:00:00",19055
"2023-06-14 00:00:00",20233
"2023-06-15 00:00:00",21008
"2023-06-16 00:00:00",23040
"2023-06-17 00:00:00",28143
"2023-06-18 00:00:00",30953
"2023-06-19 00:00:00",24889
"2023-06-20 00:00:00",19211
"2023-06-21 00:00:00",22720
"2023-06-22 00:00:00",22700
"2023-06-23 00:00:00",23124
"2023-06-24 00:00:00",24870
"2023-06-25 00:00:00",26716
"2023-06-26 00:00:00",20866
"2023-06-27 00:00:00",20984
"2023-06-28 00:00:00",20037
"2023-06-29 00:00:00",19874
"2023-06-30 00:00:00",23068
"2023-07-01 00:00:00",28509
"2023-07-02 00:00:00",31459
"2023-07-03 00:00:00",27108
"2023-07-04 00:00:00",27737
"2023-07-05 00:00:00",25447
"2023-07-06 00:00:00",24964
"2023-07-07 00:00:00",25806
"2023-07-08 00:00:00",30221
"2023-07-09 00:00:00",31956
"2023-07-10 00:00:00",26104
"2023-07-11 00:00:00",25802
"2023-07-12 00:00:00",25258
"2023-07-13 00:00:00",25011
"2023-07-14 00:00:00",25106
"2023-07-15 00:00:00",28556
"2023-07-16 00:00:00",29893
"2023-07-17 00:00:00",23615
"2023-07-18 00:00:00",22868
"2023-07-19 00:00:00",21430
"2023-07-20 00:00:00",20947
"2023-07-21 00:00:00",20698
"2023-07-22 00:00:00",23713
"2023-07-23 00:00:00",24896
"2023-07-24 00:00:00",19870
"2023-07-25 00:00:00",19477
"2023-07-26 00:00:00",18856
"2023-07-27 00:00:00",18621
"2023-07-28 00:00:00",18977
"2023-07-29 00:00:00",22135
"2023-07-30 00:00:00",22979
"2023-07-31 00:00:00",18390
"2023-08-01 00:00:00",18132
"2023-08-02 00:00:00",17633
"2023-08-03 00:00:00",17300
"2023-08-04 00:00:00",16815
"2023-08-05 00:00:00",19743
"2023-08-06 00:00:00",20966
"2023-08-07 00:00:00",17034
"2023-08-08 00:00:00",16541
"2023-08-09 00:00:00",16233
"2023-08-10 00:00:00",15823
"2023-08-11 00:00:00",15926
"2023-08-12 00:00:00",18988
"2023-08-13 00:00:00",20073
"2023-08-14 00:00:00",16617
"2023-08-15 00:00:00",20490
"2023-08-16 00:00:00",20842
"2023-08-17 00:00:00",22053
"2023-08-18 00:00:00",22998
"2023-08-19 00:00:00",27659
"2023-08-20 00:00:00",32178
"2023-08-21 00:00:00",27600
"2023-08-22 00:00:00",26222
"2023-08-23 00:00:00",26994
"2023-08-24 00:00:00",26590
"2023-08-25 00:00:00",26449
"2023-08-26 00:00:00",30135
"2023-08-27 00:00:00",32054
"2023-08-28 00:00:00",26007
"2023-08-29 00:00:00",24976
"2023-08-30 00:00:00",23807
"2023-08-31 00:00:00",22349
"2023-09-01 00:00:00",22644
"2023-09-02 00:00:00",26621
"2023-09-03 00:00:00",27956
"2023-09-04 00:00:00",23850
"2023-09-05 00:00:00",21903
"2023-09-06 00:00:00",20441
"2023-09-07 00:00:00",20588
"2023-09-08 00:00:00",21393
"2023-09-09 00:00:00",25168
"2023-09-10 00:00:00",26240
"2023-09-11 00:00:00",20824
"2023-09-12 00:00:00",20577
"2023-09-13 00:00:00",20050
"2023-09-14 00:00:00",19672
"2023-09-15 00:00:00",21796
"2023-09-16 00:00:00",26104
"2023-09-17 00:00:00",28125
"2023-09-18 00:00:00",22208
"2023-09-19 00:00:00",22064
"2023-09-20 00:00:00",21307
"2023-09-21 00:00:00",90241
"2023-09-22 00:00:00",115510
"2023-09-23 00:00:00",151915
"2023-09-24 00:00:00",169711
"2023-09-25 00:00:00",151422
"2023-09-26 00:00:00",246754
"2023-09-27 00:00:00",238518
"2023-09-28 00:00:00",220979
"2023-09-29 00:00:00",222171
"2023-09-30 00:00:00",259283
"2023-10-01 00:00:00",274526
"2023-10-02 00:00:00",208812
"2023-10-03 00:00:00",203958
"2023-10-04 00:00:00",180635
"2023-10-05 00:00:00",145381
"2023-10-06 00:00:00",165431
"2023-10-07 00:00:00",200086
"2023-10-08 00:00:00",209488
"2023-10-09 00:00:00",155523
"2023-10-10 00:00:00",138632
"2023-10-11 00:00:00",127308
"2023-10-12 00:00:00",124067
"2023-10-13 00:00:00",124362
"2023-10-14 00:00:00",154121
"2023-10-15 00:00:00",150549
"2023-10-16 00:00:00",105201
"2023-10-17 00:00:00",100046
"2023-10-18 00:00:00",93520
"2023-10-19 00:00:00",89005
"2023-10-20 00:00:00",91404
"2023-10-21 00:00:00",111797
"2023-10-22 00:00:00",112985
"2023-10-23 00:00:00",78250
"2023-10-24 00:00:00",73812
"2023-10-25 00:00:00",69784
"2023-10-26 00:00:00",55444
"2023-10-27 00:00:00",65854
"2023-10-28 00:00:00",82330
"2023-10-29 00:00:00",84510
"2023-10-30 00:00:00",59521
"2023-10-31 00:00:00",56409
"2023-11-01 00:00:00",62590
"2023-11-02 00:00:00",59753
"2023-11-03 00:00:00",60980
"2023-11-04 00:00:00",77951
"2023-11-05 00:00:00",81448
"2023-11-06 00:00:00",57512
"2023-11-07 00:00:00",52751
"2023-11-08 00:00:00",49065
"2023-11-09 00:00:00",48012
"2023-11-10 00:00:00",50209
"2023-11-11 00:00:00",63349
"2023-11-12 00:00:00",64405
"2023-11-13 00:00:00",44398
"2023-11-14 00:00:00",42451
"2023-11-15 00:00:00",39923
"2023-11-16 00:00:00",38744
"2023-11-17 00:00:00",41162
"2023-11-18 00:00:00",53889
"2023-11-19 00:00:00",54970
"2023-11-20 00:00:00",37974
"2023-11-21 00:00:00",36246
"2023-11-22 00:00:00",41328
"2023-11-23 00:00:00",45251
"2023-11-24 00:00:00",48818
"2023-11-25 00:00:00",60873
"2023-11-26 00:00:00",64564
"2023-11-27 00:00:00",47980
"2023-11-28 00:00:00",47856
"2023-11-29 00:00:00",46636
"2023-11-30 00:00:00",45313
"2023-12-01 00:00:00",46573
"2023-12-02 00:00:00",58809
"2023-12-03 00:00:00",59407
"2023-12-04 00:00:00",43330
"2023-12-05 00:00:00",46874
"2023-12-06 00:00:00",59351
"2023-12-07 00:00:00",61605
"2023-12-08 00:00:00",65910
"2023-12-09 00:00:00",82789
"2023-12-10 00:00:00",89098
"2023-12-11 00:00:00",67720
"2023-12-12 00:00:00",65842
"2023-12-13 00:00:00",62667
"2023-12-14 00:00:00",59382
"2023-12-15 00:00:00",60107
"2023-12-16 00:00:00",72136
"2023-12-17 00:00:00",71993
"2023-12-18 00:00:00",54285
"2023-12-19 00:00:00",52630
"2023-12-20 00:00:00",50592
"2023-12-21 00:00:00",49730
"2023-12-22 00:00:00",55703
"2023-12-23 00:00:00",66509
"2023-12-24 00:00:00",65878
"2023-12-25 00:00:00",62153
"2023-12-26 00:00:00",67120
"2023-12-27 00:00:00",64928
"2023-12-28 00:00:00",65330
"2023-12-29 00:00:00",67907
"2023-12-30 00:00:00",73303
"2023-12-31 00:00:00",70713
"2024-01-01 00:00:00",72853
"2024-01-02 00:00:00",66384
"2024-01-03 00:00:00",62697
"2024-01-04 00:00:00",60942
"2024-01-05 00:00:00",63091
"2024-01-06 00:00:00",72008
"2024-01-07 00:00:00",71990
"2024-01-08 00:00:00",52037
"2024-01-09 00:00:00",48630
"2024-01-10 00:00:00",45517
"2024-01-11 00:00:00",43891
"2024-01-12 00:00:00",46479
"2024-01-13 00:00:00",58836
"2024-01-14 00:00:00",60407
"2024-01-15 00:00:00",46281
"2024-01-16 00:00:00",41273
"2024-01-17 00:00:00",40253
"2024-01-18 00:00:00",39026
"2024-01-19 00:00:00",40630
"2024-01-20 00:00:00",51124
"2024-01-21 00:00:00",52161
"2024-01-22 00:00:00",36373
"2024-01-23 00:00:00",34598
"2024-01-24 00:00:00",33237
"2024-01-25 00:00:00",32414
"2024-01-26 00:00:00",33460
"2024-01-27 00:00:00",42159
"2024-01-28 00:00:00",43656
"2024-01-29 00:00:00",30826
"2024-01-30 00:00:00",30317
"2024-01-31 00:00:00",23133
"2024-02-01 00:00:00",27916
"2024-02-02 00:00:00",30540
"2024-02-03 00:00:00",38971
"2024-02-04 00:00:00",42197
"2024-02-05 00:00:00",30157
"2024-02-06 00:00:00",29088
"2024-02-07 00:00:00",28162
"2024-02-08 00:00:00",27995
"2024-02-09 00:00:00",31957
"2024-02-10 00:00:00",43980
"2024-02-11 00:00:00",50275
"2024-02-12 00:00:00",39655
"2024-02-13 00:00:00",40521
"2024-02-14 00:00:00",38799
"2024-02-15 00:00:00",40005
"2024-02-16 00:00:00",42842
"2024-02-17 00:00:00",51184
"2024-02-18 00:00:00",54860
"2024-02-19 00:00:00",41878
"2024-02-20 00:00:00",39235
"2024-02-21 00:00:00",37873
"2024-02-22 00:00:00",36633
"2024-02-23 00:00:00",38190
"2024-02-24 00:00:00",43697
"2024-02-25 00:00:00",44376
"2024-02-26 00:00:00",32481
"2024-02-27 00:00:00",31143
"2024-02-28 00:00:00",30501
"2024-02-29 00:00:00",23619
"2024-03-01 00:00:00",30126
"2024-03-02 00:00:00",37957
"2024-03-03 00:00:00",39331
"2024-03-04 00:00:00",28955
"2024-03-05 00:00:00",28587
"2024-03-06 00:00:00",27683
"2024-03-07 00:00:00",27101
"2024-03-08 00:00:00",30239
"2024-03-09 00:00:00",36696
"2024-03-10 00:00:00",37977
"2024-03-11 00:00:00",27983
"2024-03-12 00:00:00",27686
"2024-03-13 00:00:00",26713
"2024-03-14 00:00:00",25788
"2024-03-15 00:00:00",33848
"2024-03-16 00:00:00",44896
"2024-03-17 00:00:00",48241
"2024-03-18 00:00:00",38327
"2024-03-19 00:00:00",38976
"2024-03-20 00:00:00",36289
"2024-03-21 00:00:00",37311
"2024-03-22 00:00:00",39651
"2024-03-23 00:00:00",48400
"2024-03-24 00:00:00",49002
"2024-03-25 00:00:00",37788
"2024-03-26 00:00:00",36547
"2024-03-27 00:00:00",34420
"2024-03-28 00:00:00",34305
"2024-03-29 00:00:00",40606
"2024-03-30 00:00:00",46046
"2024-03-31 00:00:00",47500
"2024-04-01 00:00:00",45277
"2024-04-02 00:00:00",40453
"2024-04-03 00:00:00",41621
"2024-04-04 00:00:00",42756
"2024-04-05 00:00:00",43884
"2024-04-06 00:00:00",50499
"2024-04-07 00:00:00",54007
"2024-04-08 00:00:00",42353
"2024-04-09 00:00:00",40718
"2024-04-10 00:00:00",38300
"2024-04-11 00:00:00",36003
"2024-04-12 00:00:00",37674
"2024-04-13 00:00:00",43951
"2024-04-14 00:00:00",44525
"2024-04-15 00:00:00",33822
"2024-04-16 00:00:00",32938
"2024-04-17 00:00:00",31867
"2024-04-18 00:00:00",31209
"2024-04-19 00:00:00",33490
"2024-04-20 00:00:00",40184
"2024-04-21 00:00:00",40881
"2024-04-22 00:00:00",30479
"2024-04-23 00:00:00",30135
"2024-04-24 00:00:00",28047
"2024-04-25 00:00:00",27232
"2024-04-26 00:00:00",28546
"2024-04-27 00:00:00",32873
"2024-04-28 00:00:00",34984
"2024-04-29 00:00:00",27068
"2024-04-30 00:00:00",27822
"2024-05-01 00:00:00",30407
"2024-05-02 00:00:00",26032
"2024-05-03 00:00:00",27648
"2024-05-04 00:00:00",32340
"2024-05-05 00:00:00",34033
"2024-05-06 00:00:00",26775
"2024-05-07 00:00:00",24933
"2024-05-08 00:00:00",23819
"2024-05-09 00:00:00",25378
"2024-05-10 00:00:00",25258
"2024-05-11 00:00:00",30018
"2024-05-12 00:00:00",30984
"2024-05-13 00:00:00",23417
"2024-05-14 00:00:00",23006
"2024-05-15 00:00:00",22230
"2024-05-16 00:00:00",21607
"2024-05-17 00:00:00",27008
"2024-05-18 00:00:00",36936
"2024-05-19 00:00:00",40267
"2024-05-20 00:00:00",35870
"2024-05-21 00:00:00",32969
"2024-05-22 00:00:00",33287
"2024-05-23 00:00:00",31330
"2024-05-24 00:00:00",34061
"2024-05-25 00:00:00",40722
"2024-05-26 00:00:00",43160
"2024-05-27 00:00:00",36590
"2024-05-28 00:00:00",32811
"2024-05-29 00:00:00",31483
"2024-05-30 00:00:00",32563
"2024-05-31 00:00:00",32675
"2024-06-01 00:00:00",37642
"2024-06-02 00:00:00",39121
"2024-06-03 00:00:00",29055
"2024-06-04 00:00:00",28802
"2024-06-05 00:00:00",28180
"2024-06-06 00:00:00",27872
"2024-06-07 00:00:00",28685
"2024-06-08 00:00:00",34187
"2024-06-09 00:00:00",36703
"2024-06-10 00:00:00",27833
"2024-06-11 00:00:00",27517
"2024-06-12 00:00:00",27511
"2024-06-13 00:00:00",25847
"2024-06-14 00:00:00",27155
"2024-06-15 00:00:00",32524
"2024-06-16 00:00:00",33534
"2024-06-17 00:00:00",27270
"2024-06-18 00:00:00",26554
"2024-06-19 00:00:00",25844
"2024-06-20 00:00:00",25231
"2024-06-21 00:00:00",25978
"2024-06-22 00:00:00",30567
"2024-06-23 00:00:00",32056
"2024-06-24 00:00:00",25847
"2024-06-25 00:00:00",24795
"2024-06-26 00:00:00",24258
"2024-06-27 00:00:00",23992
"2024-06-28 00:00:00",29385
"2024-06-29 00:00:00",36805
"2024-06-30 00:00:00",40839
"2024-07-01 00:00:00",35066
"2024-07-02 00:00:00",35411
"2024-07-03 00:00:00",35170
"2024-07-04 00:00:00",34467
"2024-07-05 00:00:00",35078
"2024-07-06 00:00:00",40303
"2024-07-07 00:00:00",43079
"2024-07-08 00:00:00",35329
"2024-07-09 00:00:00",35308
"2024-07-10 00:00:00",34379
"2024-07-11 00:00:00",34513
"2024-07-12 00:00:00",35275
"2024-07-13 00:00:00",39711
"2024-07-14 00:00:00",42155
"2024-07-15 00:00:00",33686
"2024-07-16 00:00:00",32765
"2024-07-17 00:00:00",31497
"2024-07-18 00:00:00",30094
"2024-07-19 00:00:00",29920
"2024-07-20 00:00:00",34306
"2024-07-21 00:00:00",36369
"2024-07-22 00:00:00",30171
"2024-07-23 00:00:00",29516
"2024-07-24 00:00:00",29613
"2024-07-25 00:00:00",28674
"2024-07-26 00:00:00",29309
"2024-07-27 00:00:00",32940
"2024-07-28 00:00:00",35326
"2024-07-29 00:00:00",28968
"2024-07-30 00:00:00",28440
"2024-07-31 00:00:00",27796
"2024-08-01 00:00:00",27007
"2024-08-02 00:00:00",27320
"2024-08-03 00:00:00",31664
"2024-08-04 00:00:00",34297
"2024-08-05 00:00:00",28141
"2024-08-06 00:00:00",27365
"2024-08-07 00:00:00",26647
"2024-08-08 00:00:00",26472
"2024-08-09 00:00:00",27042
"2024-08-10 00:00:00",31350
"2024-08-11 00:00:00",33910
"2024-08-12 00:00:00",27701
"2024-08-13 00:00:00",30254
"2024-08-14 00:00:00",32477
"2024-08-15 00:00:00",34505
"2024-08-16 00:00:00",35458
"2024-08-17 00:00:00",42524
"2024-08-18 00:00:00",48338
"2024-08-19 00:00:00",40991
"2024-08-20 00:00:00",34246
"2024-08-21 00:00:00",32532
"2024-08-22 00:00:00",31949
"2024-08-23 00:00:00",32279
"2024-08-24 00:00:00",36421
"2024-08-25 00:00:00",38220
"2024-08-26 00:00:00",30730
"2024-08-27 00:00:00",29307
"2024-08-28 00:00:00",28340
"2024-08-29 00:00:00",27885
"2024-08-30 00:00:00",29144
"2024-08-31 00:00:00",34411
"2024-09-01 00:00:00",35752
"2024-09-02 00:00:00",30514
"2024-09-03 00:00:00",27923
"2024-09-04 00:00:00",27163
"2024-09-05 00:00:00",26910
"2024-09-06 00:00:00",28487
"2024-09-07 00:00:00",34849
"2024-09-08 00:00:00",37133
"2024-09-09 00:00:00",28597
"2024-09-10 00:00:00",26987
"2024-09-11 00:00:00",26994
"2024-09-12 00:00:00",22982
"2024-09-13 00:00:00",26721
"2024-09-14 00:00:00",33647
"2024-09-15 00:00:00",37998
"2024-09-16 00:00:00",30721
"2024-09-17 00:00:00",29518
"2024-09-18 00:00:00",28868
"2024-09-19 00:00:00",28458
"2024-09-20 00:00:00",35162
"2024-09-21 00:00:00",47000
"2024-09-22 00:00:00",52871
"2024-09-23 00:00:00",44130
"2024-09-24 00:00:00",44404
"2024-09-25 00:00:00",44103
"2024-09-26 00:00:00",43065
"2024-09-27 00:00:00",45407
"2024-09-28 00:00:00",53895
"2024-09-29 00:00:00",57608
"2024-09-30 00:00:00",44216
"2024-10-01 00:00:00",42266
"2024-10-02 00:00:00",40996
"2024-10-03 00:00:00",40915
"2024-10-04 00:00:00",41034
"2024-10-05 00:00:00",48114
"2024-10-06 00:00:00",50799
"2024-10-07 00:00:00",38440
"2024-10-08 00:00:00",37341
"2024-10-09 00:00:00",35781
"2024-10-10 00:00:00",34731
"2024-10-11 00:00:00",36283
"2024-10-12 00:00:00",43709
"2024-10-13 00:00:00",45609
"2024-10-14 00:00:00",35675
"2024-10-15 00:00:00",33629
"2024-10-16 00:00:00",32859
"2024-10-17 00:00:00",31837
"2024-10-18 00:00:00",33498
"2024-10-19 00:00:00",41158
"2024-10-20 00:00:00",42897
"2024-10-21 00:00:00",32598
"2024-10-22 00:00:00",32319
"2024-10-23 00:00:00",31362
"2024-10-24 00:00:00",30135
"2024-10-25 00:00:00",31332
"2024-10-26 00:00:00",37001
"2024-10-27 00:00:00",37378
"2024-10-28 00:00:00",29467
"2024-10-29 00:00:00",28207
"2024-10-30 00:00:00",30545
"2024-10-31 00:00:00",33333
"2024-11-01 00:00:00",37131
"2024-11-02 00:00:00",42031
"2024-11-03 00:00:00",47594
"2024-11-04 00:00:00",38883
"2024-11-05 00:00:00",37782
"2024-11-06 00:00:00",37542
"2024-11-07 00:00:00",37633
"2024-11-08 00:00:00",39758
"2024-11-09 00:00:00",48660
"2024-11-10 00:00:00",51800
"2024-11-11 00:00:00",41612
"2024-11-12 00:00:00",37724
"2024-11-13 00:00:00",36258
"2024-11-14 00:00:00",35205
"2024-11-15 00:00:00",37591
"2024-11-16 00:00:00",44034
"2024-11-17 00:00:00",45731
"2024-11-18 00:00:00",26705
"2024-11-18 01:00:00",25627
"2024-11-18 02:00:00",25561
"2024-11-18 03:00:00",25571
"2024-11-18 04:00:00",24607
"2024-11-18 05:00:00",24386
"2024-11-18 06:00:00",21693
"2024-11-18 07:00:00",20067
"2024-11-18 08:00:00",20596
"2024-11-18 09:00:00",21284
"2024-11-18 10:00:00",22602
"2024-11-18 11:00:00",25707
"2024-11-18 12:00:00",29494
"2024-11-18 13:00:00",33169
"2024-11-18 14:00:00",33909
"2024-11-18 15:00:00",33483
"2024-11-18 16:00:00",29943
"2024-11-18 17:00:00",27307
"2024-11-18 18:00:00",27016
"2024-11-18 19:00:00",27281
"2024-11-18 20:00:00",27259
"2024-11-18 21:00:00",26838
"2024-11-18 22:00:00",24905
"2024-11-18 23:00:00",22831
"2024-11-19 00:00:00",21915
"2024-11-19 01:00:00",22658
"2024-11-19 02:00:00",23705
"2024-11-19 03:00:00",23691
"2024-11-19 04:00:00",23394
"2024-11-19 05:00:00",23265
"2024-11-19 06:00:00",20685
"2024-11-19 07:00:00",19258
"2024-11-19 08:00:00",19922
"2024-11-19 09:00:00",20776
"2024-11-19 10:00:00",21981
"2024-11-19 11:00:00",25047
"2024-11-19 12:00:00",28647
"2024-11-19 13:00:00",32197
"2024-11-19 14:00:00",33065
"2024-11-19 15:00:00",32754
"2024-11-19 16:00:00",29014
"2024-11-19 17:00:00",26260
"2024-11-19 18:00:00",25743
"2024-11-19 19:00:00",25919
"2024-11-19 20:00:00",25937
"2024-11-19 21:00:00",25599
"2024-11-19 22:00:00",23769
"2024-11-19 23:00:00",22006
"2024-11-20 00:00:00",21008
"2024-11-20 01:00:00",21998
"2024-11-20 02:00:00",22832
"2024-11-20 03:00:00",22831
"2024-11-20 04:00:00",22317
"2024-11-20 05:00:00",22130
"2024-11-20 06:00:00",20144
"2024-11-20 07:00:00",18887
"2024-11-20 08:00:00",19556
"2024-11-20 09:00:00",20123
"2024-11-20 10:00:00",21252
"2024-11-20 11:00:00",24401
"2024-11-20 12:00:00",28118
"2024-11-20 13:00:00",31641
"2024-11-20 14:00:00",32661
"2024-11-20 15:00:00",32092
"2024-11-20 16:00:00",28578
"2024-11-20 17:00:00",25991
"2024-11-20 18:00:00",25599
"2024-11-20 19:00:00",25561
"2024-11-20 20:00:00",25592
"2024-11-20 21:00:00",25125
"2024-11-20 22:00:00",23351
"2024-11-20 23:00:00",21608
"2024-11-21 00:00:00",20418
"2024-11-21 01:00:00",21138
"2024-11-21 02:00:00",21798
"2024-11-21 03:00:00",21809
"2024-11-21 04:00:00",21484
"2024-11-21 05:00:00",21264
"2024-11-21 06:00:00",19037
"2024-11-21 07:00:00",17876
"2024-11-21 08:00:00",18637
"2024-11-21 09:00:00",19257
"2024-11-21 10:00:00",20366
"2024-11-21 11:00:00",22926
"2024-11-21 12:00:00",26361
"2024-11-21 13:00:00",29713
"2024-11-21 14:00:00",30499
"2024-11-21 15:00:00",30261
"2024-11-21 16:00:00",27126
"2024-11-21 17:00:00",24746
"2024-11-21 18:00:00",24201
"2024-11-21 19:00:00",24516
"2024-11-21 20:00:00",24351
"2024-11-21 21:00:00",23999
"2024-11-21 22:00:00",22387
"2024-11-21 23:00:00",20645
"2024-11-22 00:00:00",19655
"2024-11-22 01:00:00",20371
"2024-11-22 02:00:00",21283
"2024-11-22 03:00:00",21415
"2024-11-22 04:00:00",21063
"2024-11-22 05:00:00",21072
"2024-11-22 06:00:00",19620
"2024-11-22 07:00:00",18587
"2024-11-22 08:00:00",19455
"2024-11-22 09:00:00",20167
"2024-11-22 10:00:00",21654
"2024-11-22 11:00:00",24182
"2024-11-22 12:00:00",27659
"2024-11-22 13:00:00",30952
"2024-11-22 14:00:00",32477
"2024-11-22 15:00:00",32458
"2024-11-22 16:00:00",30947
"2024-11-22 17:00:00",28163
"2024-11-22 18:00:00",26553
"2024-11-22 19:00:00",25864
"2024-11-22 20:00:00",25926
"2024-11-22 21:00:00",26013
"2024-11-22 22:00:00",25475
"2024-11-22 23:00:00",23968
"2024-11-23 00:00:00",22321
"2024-11-23 01:00:00",23608
"2024-11-23 02:00:00",25590
"2024-11-23 03:00:00",26466
"2024-11-23 04:00:00",27191
"2024-11-23 05:00:00",27568
"2024-11-23 06:00:00",27390
"2024-11-23 07:00:00",27381
"2024-11-23 08:00:00",27840
"2024-11-23 09:00:00",28014
"2024-11-23 10:00:00",29139
"2024-11-23 11:00:00",31753
"2024-11-23 12:00:00",34913
"2024-11-23 13:00:00",37736
"2024-11-23 14:00:00",39462
"2024-11-23 15:00:00",39439
"2024-11-23 16:00:00",37691
"2024-11-23 17:00:00",34905
"2024-11-23 18:00:00",32822
"2024-11-23 19:00:00",31791
"2024-11-23 20:00:00",31525
"2024-11-23 21:00:00",31245
"2024-11-23 22:00:00",30216
"2024-11-23 23:00:00",28191
"2024-11-24 00:00:00",26274
"2024-11-24 01:00:00",26398
"2024-11-24 02:00:00",28366
"2024-11-24 03:00:00",29480
"2024-11-24 04:00:00",30269
"2024-11-24 05:00:00",30568
"2024-11-24 06:00:00",30472
"2024-11-24 07:00:00",30485
"2024-11-24 08:00:00",31224
"2024-11-24 09:00:00",31231
"2024-11-24 10:00:00",32060
"2024-11-24 11:00:00",34743
"2024-11-24 12:00:00",37993
"2024-11-24 13:00:00",40538
"2024-11-24 14:00:00",40962
"2024-11-24 15:00:00",40433
"2024-11-24 16:00:00",37459
"2024-11-24 17:00:00",34881
"2024-11-24 18:00:00",33551
"2024-11-24 19:00:00",33477
"2024-11-24 20:00:00",33404
"2024-11-24 21:00:00",32170
"2024-11-24 22:00:00",29686
"2024-11-24 23:00:00",26727
"2024-11-25 00:00:00",24298
"2024-11-25 01:00:00",23696
"2024-11-25 02:00:00",23577
"2024-11-25 03:00:00",23598
"2024-11-25 04:00:00",22806
"2024-11-25 05:00:00",22495
"2024-11-25 06:00:00",20213
"2024-11-25 07:00:00",18658
"2024-11-25 08:00:00",18908
"2024-11-25 09:00:00",19608
"2024-11-25 10:00:00",20798
"2024-11-25 11:00:00",23751
"2024-11-25 12:00:00",27159
"2024-11-25 13:00:00",30133
"2024-11-25 14:00:00",30568
"2024-11-25 15:00:00",29869
"2024-11-25 16:00:00",26951
"2024-11-25 17:00:00",24938
"2024-11-25 18:00:00",25212
"2024-11-25 19:00:00",25688
"2024-11-25 20:00:00",25663
"2024-11-25 21:00:00",25181
"2024-11-25 22:00:00",23583
"2024-11-25 23:00:00",21743
"2024-11-26 00:00:00",20549
"2024-11-26 01:00:00",21067
"2024-11-26 02:00:00",21777
"2024-11-26 03:00:00",21800
"2024-11-26 04:00:00",21793
"2024-11-26 05:00:00",21638
"2024-11-26 06:00:00",19717
"2024-11-26 07:00:00",18331
"2024-11-26 08:00:00",18513
"2024-11-26 09:00:00",19086
"2024-11-26 10:00:00",20388
"2024-11-26 11:00:00",23084
"2024-11-26 12:00:00",26376
"2024-11-26 13:00:00",29591
"2024-11-26 14:00:00",30237
"2024-11-26 15:00:00",29625
"2024-11-26 16:00:00",26746
"2024-11-26 17:00:00",24842
"2024-11-26 18:00:00",24414
"2024-11-26 19:00:00",24834
"2024-11-26 20:00:00",24689
"2024-11-26 21:00:00",24367
"2024-11-26 22:00:00",22795
"2024-11-26 23:00:00",21052
"2024-11-27 00:00:00",19826
"2024-11-27 01:00:00",20483
"2024-11-27 02:00:00",21438
"2024-11-27 03:00:00",21468
"2024-11-27 04:00:00",21528
"2024-11-27 05:00:00",21496
"2024-11-27 06:00:00",19845
"2024-11-27 07:00:00",18517
"2024-11-27 08:00:00",18334
"2024-11-27 09:00:00",18657
"2024-11-27 10:00:00",19846
"2024-11-27 11:00:00",22432
"2024-11-27 12:00:00",25736
"2024-11-27 13:00:00",28742
"2024-11-27 14:00:00",29293
"2024-11-27 15:00:00",29008
"2024-11-27 16:00:00",26357
"2024-11-27 17:00:00",24815
"2024-11-27 18:00:00",24649
"2024-11-27 19:00:00",25594
"2024-11-27 20:00:00",25566
"2024-11-27 21:00:00",25259
"2024-11-27 22:00:00",23997
"2024-11-27 23:00:00",22036
"2024-11-28 00:00:00",20693
"2024-11-28 01:00:00",21605
"2024-11-28 02:00:00",23033
"2024-11-28 03:00:00",23601
"2024-11-28 04:00:00",24529
"2024-11-28 05:00:00",24568
"2024-11-28 06:00:00",22958
"2024-11-28 07:00:00",21762
"2024-11-28 08:00:00",22196
"2024-11-28 09:00:00",22495
"2024-11-28 10:00:00",23632
"2024-11-28 11:00:00",26916
"2024-11-28 12:00:00",30939
"2024-11-28 13:00:00",35881
"2024-11-28 14:00:00",37129
"2024-11-28 15:00:00",36863
"2024-11-28 16:00:00",33594
"2024-11-28 17:00:00",30944
"2024-11-28 18:00:00",29780
"2024-11-28 19:00:00",29760
"2024-11-28 20:00:00",29735
"2024-11-28 21:00:00",28855
"2024-11-28 22:00:00",27102
"2024-11-28 23:00:00",24808
"2024-11-29 00:00:00",23453
"2024-11-29 01:00:00",24432
"2024-11-29 02:00:00",26774
"2024-11-29 03:00:00",27351
"2024-11-29 04:00:00",29083
"2024-11-29 05:00:00",29214
"2024-11-29 06:00:00",27194
"2024-11-29 07:00:00",25864
"2024-11-29 08:00:00",26354
"2024-11-29 09:00:00",26900
"2024-11-29 10:00:00",28632
"2024-11-29 11:00:00",32406
"2024-11-29 12:00:00",36922
"2024-11-29 13:00:00",41523
"2024-11-29 14:00:00",43352
"2024-11-29 15:00:00",43225
"2024-11-29 16:00:00",41030
"2024-11-29 17:00:00",37671
"2024-11-29 18:00:00",35191
"2024-11-29 19:00:00",34420
"2024-11-29 20:00:00",34370
"2024-11-29 21:00:00",34378
"2024-11-29 22:00:00",33722
"2024-11-29 23:00:00",32176
"2024-11-30 00:00:00",30217
"2024-11-30 01:00:00",32103
"2024-11-30 02:00:00",35595
"2024-11-30 03:00:00",37265
"2024-11-30 04:00:00",38796
"2024-11-30 05:00:00",39507
"2024-11-30 06:00:00",39406
"2024-11-30 07:00:00",39055
"2024-11-30 08:00:00",39505
"2024-11-30 09:00:00",39505
"2024-11-30 10:00:00",41010
"2024-11-30 11:00:00",44835
"2024-11-30 12:00:00",49300
"2024-11-30 13:00:00",53293
"2024-11-30 14:00:00",55183
"2024-11-30 15:00:00",54954
"2024-11-30 16:00:00",52026
"2024-11-30 17:00:00",47417
"2024-11-30 18:00:00",43433
"2024-11-30 19:00:00",41273
"2024-11-30 20:00:00",41370
"2024-11-30 21:00:00",41297
"2024-11-30 22:00:00",40108
"2024-11-30 23:00:00",37598
"2024-12-01 00:00:00",35094
"2024-12-01 01:00:00",36849
"2024-12-01 02:00:00",41123
"2024-12-01 03:00:00",43277
"2024-12-01 04:00:00",45085
"2024-12-01 05:00:00",46065
"2024-12-01 06:00:00",46083
"2024-12-01 07:00:00",46014
"2024-12-01 08:00:00",46035
"2024-12-01 09:00:00",45961
"2024-12-01 10:00:00",45809
"2024-12-01 11:00:00",49572
"2024-12-01 12:00:00",54542
"2024-12-01 13:00:00",58878
"2024-12-01 14:00:00",59635
"2024-12-01 15:00:00",58450
"2024-12-01 16:00:00",52106
"2024-12-01 17:00:00",46821
"2024-12-01 18:00:00",44803
"2024-12-01 19:00:00",44725
"2024-12-01 20:00:00",44692
"2024-12-01 21:00:00",43174
"2024-12-01 22:00:00",40240
"2024-12-01 23:00:00",36266
"2024-12-02 00:00:00",33530
"2024-12-02 01:00:00",32619
"2024-12-02 02:00:00",33525
"2024-12-02 03:00:00",33438
"2024-12-02 04:00:00",34111
"2024-12-02 05:00:00",33821
"2024-12-02 06:00:00",30030
"2024-12-02 07:00:00",27718
"2024-12-02 08:00:00",29010
"2024-12-02 09:00:00",30273
"2024-12-02 10:00:00",32121
"2024-12-02 11:00:00",36694
"2024-12-02 12:00:00",42614
"2024-12-02 13:00:00",48269
"2024-12-02 14:00:00",49012
"2024-12-02 15:00:00",47708
"2024-12-02 16:00:00",41227
"2024-12-02 17:00:00",36503
"2024-12-02 18:00:00",35037
"2024-12-02 19:00:00",35194
"2024-12-02 20:00:00",35220
"2024-12-02 21:00:00",34577
"2024-12-02 22:00:00",32318
"2024-12-02 23:00:00",29694
"2024-12-03 00:00:00",28997
"2024-12-03 01:00:00",30318
"2024-12-03 02:00:00",32403
"2024-12-03 03:00:00",32451
"2024-12-03 04:00:00",33679
"2024-12-03 05:00:00",33520
"2024-12-03 06:00:00",29993
"2024-12-03 07:00:00",28029
"2024-12-03 08:00:00",29612
"2024-12-03 09:00:00",30476
"2024-12-03 10:00:00",32425
"2024-12-03 11:00:00",37206
"2024-12-03 12:00:00",43248
"2024-12-03 13:00:00",48629
"2024-12-03 14:00:00",49472
"2024-12-03 15:00:00",48156
"2024-12-03 16:00:00",41510
"2024-12-03 17:00:00",36541
"2024-12-03 18:00:00",35049
"2024-12-03 19:00:00",35013
"2024-12-03 20:00:00",34872
"2024-12-03 21:00:00",34105
"2024-12-03 22:00:00",32093
"2024-12-03 23:00:00",29747
"2024-12-04 00:00:00",28549
"2024-12-04 01:00:00",29831
"2024-12-04 02:00:00",31660
"2024-12-04 03:00:00",31750
"2024-12-04 04:00:00",33056
"2024-12-04 05:00:00",33002
"2024-12-04 06:00:00",30104
"2024-12-04 07:00:00",28313
"2024-12-04 08:00:00",29615
"2024-12-04 09:00:00",30538
"2024-12-04 10:00:00",32387
"2024-12-04 11:00:00",37288
"2024-12-04 12:00:00",43307
"2024-12-04 13:00:00",48346
"2024-12-04 14:00:00",49381
"2024-12-04 15:00:00",48316
"2024-12-04 16:00:00",41985
"2024-12-04 17:00:00",37164
"2024-12-04 18:00:00",35218
"2024-12-04 19:00:00",35149
"2024-12-04 20:00:00",35032
"2024-12-04 21:00:00",34125
"2024-12-04 22:00:00",32092
"2024-12-04 23:00:00",29666
"2024-12-05 00:00:00",28261
"2024-12-05 01:00:00",29641
"2024-12-05 02:00:00",31570
"2024-12-05 03:00:00",31656
"2024-12-05 04:00:00",32704
"2024-12-05 05:00:00",32589
"2024-12-05 06:00:00",29711
"2024-12-05 07:00:00",28075
"2024-12-05 08:00:00",28802
"2024-12-05 09:00:00",29495
"2024-12-05 10:00:00",31226
"2024-12-05 11:00:00",36044
"2024-12-05 12:00:00",41664
"2024-12-05 13:00:00",46839
"2024-12-05 14:00:00",48125
"2024-12-05 15:00:00",47353
"2024-12-05 16:00:00",41399
"2024-12-05 17:00:00",36216
"2024-12-05 18:00:00",34235
"2024-12-05 19:00:00",33357
"2024-12-05 20:00:00",33082
"2024-12-05 21:00:00",32688
"2024-12-05 22:00:00",30785
"2024-12-05 23:00:00",28516
"2024-12-06 00:00:00",26693
"2024-12-06 01:00:00",27213
"2024-12-06 02:00:00",28921
"2024-12-06 03:00:00",29154
"2024-12-06 04:00:00",30684
"2024-12-06 05:00:00",30651
"2024-12-06 06:00:00",28428
"2024-12-06 07:00:00",27272
"2024-12-06 08:00:00",28568
"2024-12-06 09:00:00",29589
"2024-12-06 10:00:00",32372
"2024-12-06 11:00:00",36838
"2024-12-06 12:00:00",42033
"2024-12-06 13:00:00",46177
"2024-12-06 14:00:00",48116
"2024-12-06 15:00:00",47799
"2024-12-06 16:00:00",44537
"2024-12-06 17:00:00",39403
"2024-12-06 18:00:00",36201
"2024-12-06 19:00:00",33870
"2024-12-06 20:00:00",33181
"2024-12-06 21:00:00",33089
"2024-12-06 22:00:00",31944
"2024-12-06 23:00:00",30017
"2024-12-07 00:00:00",28298
"2024-12-07 01:00:00",30384
"2024-12-07 02:00:00",33858
"2024-12-07 03:00:00",35690
"2024-12-07 04:00:00",37469
"2024-12-07 05:00:00",38356
"2024-12-07 06:00:00",38525
"2024-12-07 07:00:00",38894
"2024-12-07 08:00:00",39257
"2024-12-07 09:00:00",39245
"2024-12-07 10:00:00",41139
"2024-12-07 11:00:00",45033
"2024-12-07 12:00:00",49348
"2024-12-07 13:00:00",53628
"2024-12-07 14:00:00",55119
"2024-12-07 15:00:00",55079
"2024-12-07 16:00:00",51864
"2024-12-07 17:00:00",46803
"2024-12-07 18:00:00",42844
"2024-12-07 19:00:00",40387
"2024-12-07 20:00:00",39529
"2024-12-07 21:00:00",39046
"2024-12-07 22:00:00",37458
"2024-12-07 23:00:00",35112
"2024-12-08 00:00:00",32570
"2024-12-08 01:00:00",33215
"2024-12-08 02:00:00",36751
"2024-12-08 03:00:00",38370
"2024-12-08 04:00:00",40050
"2024-12-08 05:00:00",41735
"2024-12-08 06:00:00",41945
"2024-12-08 07:00:00",42087
"2024-12-08 08:00:00",42146
"2024-12-08 09:00:00",41961
"2024-12-08 10:00:00",42049
"2024-12-08 11:00:00",45750
"2024-12-08 12:00:00",50106
"2024-12-08 13:00:00",54218
"2024-12-08 14:00:00",54652
"2024-12-08 15:00:00",53495
"2024-12-08 16:00:00",48083
"2024-12-08 17:00:00",43771
"2024-12-08 18:00:00",41557
"2024-12-08 19:00:00",40611
"2024-12-08 20:00:00",40288
"2024-12-08 21:00:00",38849
"2024-12-08 22:00:00",35928
"2024-12-08 23:00:00",32463
"2024-12-09 00:00:00",29482
"2024-12-09 01:00:00",28592
"2024-12-09 02:00:00",28859
"2024-12-09 03:00:00",28892
"2024-12-09 04:00:00",28923
"2024-12-09 05:00:00",28727
"2024-12-09 06:00:00",26164
"2024-12-09 07:00:00",24346
"2024-12-09 08:00:00",25001
"2024-12-09 09:00:00",25775
"2024-12-09 10:00:00",27908
"2024-12-09 11:00:00",32281
"2024-12-09 12:00:00",37115
"2024-12-09 13:00:00",41547
"2024-12-09 14:00:00",42416
"2024-12-09 15:00:00",41240
"2024-12-09 16:00:00",35802
"2024-12-09 17:00:00",31745
"2024-12-09 18:00:00",30737
"2024-12-09 19:00:00",30949
"2024-12-09 20:00:00",30974
"2024-12-09 21:00:00",30304
"2024-12-09 22:00:00",28563
"2024-12-09 23:00:00",26151
"2024-12-10 00:00:00",24656
"2024-12-10 01:00:00",25349
"2024-12-10 02:00:00",26967
"2024-12-10 03:00:00",27144
"2024-12-10 04:00:00",27884
"2024-12-10 05:00:00",27836
"2024-12-10 06:00:00",25630
"2024-12-10 07:00:00",23834
"2024-12-10 08:00:00",24880
"2024-12-10 09:00:00",25355
"2024-12-10 10:00:00",27019
"2024-12-10 11:00:00",31054
"2024-12-10 12:00:00",35633
"2024-12-10 13:00:00",40124
"2024-12-10 14:00:00",40894
"2024-12-10 15:00:00",40319
"2024-12-10 16:00:00",34665
"2024-12-10 17:00:00",30021
"2024-12-10 18:00:00",23788
"2024-12-10 19:00:00",25234
"2024-12-10 20:00:00",26167
"2024-12-10 21:00:00",26192
"2024-12-10 22:00:00",25843
"2024-12-10 23:00:00",24913
"2024-12-11 00:00:00",24508
"2024-12-11 01:00:00",25776
"2024-12-11 02:00:00",27021
"2024-12-11 03:00:00",27257
"2024-12-11 03:40:00",27243
"2024-12-11 03:50:00",27200
"2024-12-11 04:00:00",26988
"2024-12-11 04:10:00",27090
"2024-12-11 04:20:00",27151
"2024-12-11 04:30:00",27235
"2024-12-11 04:40:00",27350
"2024-12-11 04:50:00",27336
"2024-12-11 05:00:00",27306
"2024-12-11 05:10:00",27174
"2024-12-11 05:20:00",27038
"2024-12-11 05:30:00",26874
"2024-12-11 05:40:00",26650
"2024-12-11 05:50:00",26440
"2024-12-11 06:00:00",25987
"2024-12-11 06:10:00",25618
"2024-12-11 06:20:00",25390
"2024-12-11 06:30:00",25244
"2024-12-11 06:40:00",25017
"2024-12-11 06:50:00",24995
"2024-12-11 07:00:00",24759
"2024-12-11 07:10:00",24597
"2024-12-11 07:20:00",24557
"2024-12-11 07:30:00",24478
"2024-12-11 07:40:00",24466
"2024-12-11 07:50:00",24565
"2024-12-11 08:00:00",24645
"2024-12-11 08:10:00",24634
"2024-12-11 08:20:00",24818
"2024-12-11 08:30:00",24843
"2024-12-11 08:40:00",24942
"2024-12-11 08:50:00",25129
"2024-12-11 09:00:00",25247
"2024-12-11 09:10:00",25298
"2024-12-11 09:20:00",25335
"2024-12-11 09:30:00",25374
"2024-12-11 09:40:00",25489
"2024-12-11 09:50:00",25648
"2024-12-11 10:00:00",25768
"2024-12-11 10:10:00",25927
"2024-12-11 10:20:00",26180
"2024-12-11 10:30:00",26422
"2024-12-11 10:40:00",26791
"2024-12-11 10:50:00",27162
"2024-12-11 11:00:00",27625
"2024-12-11 11:10:00",28276
"2024-12-11 11:20:00",29088
"2024-12-11 11:30:00",29965
"2024-12-11 11:40:00",30709
"2024-12-11 11:50:00",31396
"2024-12-11 12:00:00",32272
"2024-12-11 12:10:00",33151
"2024-12-11 12:20:00",34171
"2024-12-11 12:30:00",34910
"2024-12-11 12:40:00",35806
"2024-12-11 12:50:00",36631
"2024-12-11 13:00:00",37479
"2024-12-11 13:10:00",38330
"2024-12-11 13:20:00",39154
"2024-12-11 13:30:00",40067
"2024-12-11 13:40:00",40865
"2024-12-11 13:50:00",41754
"2024-12-11 14:00:00",42236
"2024-12-11 14:10:00",42500
"2024-12-11 14:20:00",42820
"2024-12-11 14:30:00",43141
"2024-12-11 14:40:00",43038
"2024-12-11 14:50:00",43130
"2024-12-11 15:00:00",42958
"2024-12-11 15:10:00",42094
"2024-12-11 15:20:00",41536
"2024-12-11 15:30:00",41078
"2024-12-11 15:40:00",40206
"2024-12-11 15:50:00",39620
"2024-12-11 16:00:00",39068
"2024-12-11 16:10:00",38066
"2024-12-11 16:20:00",37442
"2024-12-11 16:30:00",36961
"2024-12-11 16:40:00",36455
"2024-12-11 16:50:00",36178
"2024-12-11 17:00:00",35757
"2024-12-11 17:10:00",35054
"2024-12-11 17:20:00",34936
"2024-12-11 17:30:00",34897
"2024-12-11 17:40:00",34958
"2024-12-11 17:50:00",34897
"2024-12-11 18:00:00",34883
"2024-12-11 18:10:00",34635
"2024-12-11 18:20:00",34669
"2024-12-11 18:30:00",34710
"2024-12-11 18:40:00",34882
"2024-12-11 18:50:00",35073
"2024-12-11 19:00:00",35286
"2024-12-11 19:10:00",35374
"2024-12-11 19:20:00",35423
"2024-12-11 19:30:00",35521
"2024-12-11 19:40:00",35794
"2024-12-11 19:50:00",35873
"2024-12-11 20:00:00",35792
"2024-12-11 20:10:00",35718
"2024-12-11 20:20:00",35822
"2024-12-11 20:30:00",35829
"2024-12-11 20:40:00",35831
"2024-12-11 20:50:00",35837
"2024-12-11 21:00:00",35718
"2024-12-11 21:10:00",35342
"2024-12-11 21:20:00",35077
"2024-12-11 21:30:00",34780
"2024-12-11 21:40:00",34473
"2024-12-11 21:50:00",34131
"2024-12-11 22:00:00",33826
"2024-12-11 22:10:00",33375
"2024-12-11 22:20:00",33089
"2024-12-11 22:30:00",32811
"2024-12-11 22:40:00",32470
"2024-12-11 22:50:00",32246
"2024-12-11 23:00:00",31918
"2024-12-11 23:10:00",31381
"2024-12-11 23:20:00",31014
"2024-12-11 23:30:00",30728
"2024-12-11 23:40:00",30418
"2024-12-11 23:50:00",30220
"2024-12-12 00:00:00",29967
"2024-12-12 00:10:00",29762
"2024-12-12 00:20:00",29758
"2024-12-12 00:30:00",29832
"2024-12-12 00:40:00",29893
"2024-12-12 00:50:00",30119
"2024-12-12 01:00:00",30368
"2024-12-12 01:10:00",30540
"2024-12-12 01:20:00",30721
"2024-12-12 01:30:00",30893
"2024-12-12 01:40:00",31521
"2024-12-12 01:50:00",31672
"2024-12-12 02:00:00",31939
"2024-12-12 02:10:00",32206
"2024-12-12 02:20:00",32277
"2024-12-12 02:30:00",32577
"2024-12-12 02:40:00",32734
"2024-12-12 02:50:00",32871
"2024-12-12 03:00:00",32789
"2024-12-12 03:10:00",32710
"2024-12-12 03:20:00",32539
"2024-12-12 03:30:00",32416
"2024-12-12 03:40:00",32309
"2024-12-12 03:50:00",32379
"2024-12-12 04:00:00",32172
"2024-12-12 04:10:00",32276
"2024-12-12 04:20:00",32552
"2024-12-12 04:30:00",32773
"2024-12-12 04:40:00",32913
"2024-12-12 04:50:00",32830
"2024-12-12 05:00:00",32796
"2024-12-12 05:10:00",32124
"2024-12-12 05:20:00",32019
"2024-12-12 05:30:00",31547
"2024-12-12 05:40:00",30977
"2024-12-12 05:50:00",30431
"2024-12-12 06:00:00",29973
"2024-12-12 06:10:00",29482
"2024-12-12 06:20:00",29070
"2024-12-12 06:30:00",28702
"2024-12-12 06:40:00",28425
"2024-12-12 06:50:00",28239
"2024-12-12 07:00:00",27977
"2024-12-12 07:10:00",27619
"2024-12-12 07:20:00",27560
"2024-12-12 07:30:00",27530
"2024-12-12 07:40:00",27498
"2024-12-12 07:50:00",27496
"2024-12-12 08:00:00",27664
"2024-12-12 08:10:00",27668
"2024-12-12 08:20:00",27789
"2024-12-12 08:30:00",27983
"2024-12-12 08:40:00",28124
"2024-12-12 08:50:00",28212
"2024-12-12 09:00:00",28293
"2024-12-12 09:10:00",28316
"2024-12-12 09:20:00",28554
"2024-12-12 09:30:00",28656
"2024-12-12 09:40:00",28837
"2024-12-12 09:50:00",28993
"2024-12-12 10:00:00",29146
"2024-12-12 10:10:00",29281
"2024-12-12 10:20:00",29471
"2024-12-12 10:30:00",29830
"2024-12-12 10:40:00",30332
"2024-12-12 10:50:00",30855
"2024-12-12 11:00:00",31347
"2024-12-12 11:10:00",31995
"2024-12-12 11:20:00",32692
"2024-12-12 11:30:00",33496
"2024-12-12 11:40:00",34240
"2024-12-12 11:50:00",35109
"2024-12-12 12:00:00",35967
"2024-12-12 12:10:00",36935
"2024-12-12 12:20:00",37867
"2024-12-12 12:30:00",38832
"2024-12-12 12:40:00",39721
"2024-12-12 12:50:00",40616
"2024-12-12 13:00:00",41537
"2024-12-12 13:10:00",42569
"2024-12-12 13:20:00",42842
"2024-12-12 13:30:00",44304
"2024-12-12 13:40:00",45143
"2024-12-12 13:50:00",45765
"2024-12-12 14:00:00",46059
"2024-12-12 14:10:00",46487
"2024-12-12 14:20:00",46691
"2024-12-12 14:30:00",46793
"2024-12-12 14:40:00",46863
"2024-12-12 14:50:00",46695
"2024-12-12 15:00:00",46323
"2024-12-12 15:10:00",45222
"2024-12-12 15:20:00",44746
"2024-12-12 15:30:00",44016
"2024-12-12 15:40:00",43182
"2024-12-12 15:50:00",42433
"2024-12-12 16:00:00",41703
"2024-12-12 16:10:00",40632
"2024-12-12 16:20:00",39926
"2024-12-12 16:30:00",39392
"2024-12-12 16:40:00",38731
"2024-12-12 16:50:00",38286
"2024-12-12 17:00:00",37937
"2024-12-12 17:10:00",37497
"2024-12-12 17:20:00",37325
"2024-12-12 17:30:00",37130
"2024-12-12 17:40:00",37024
"2024-12-12 17:50:00",36918
"2024-12-12 18:00:00",36675
"2024-12-12 18:10:00",36512
"2024-12-12 18:20:00",36586
"2024-12-12 18:30:00",36618
"2024-12-12 18:40:00",36913
"2024-12-12 18:50:00",36945
"2024-12-12 19:00:00",36803
"2024-12-12 19:10:00",36843
"2024-12-12 19:20:00",37003
"2024-12-12 19:30:00",37084
"2024-12-12 19:40:00",37195
"2024-12-12 19:50:00",37326
"2024-12-12 20:00:00",37444
"2024-12-12 20:10:00",37374
"2024-12-12 20:20:00",37323
"2024-12-12 20:30:00",37365
"2024-12-12 20:40:00",37334
"2024-12-12 20:50:00",37254
"2024-12-12 21:00:00",37141
"2024-12-12 21:10:00",36906
"2024-12-12 21:20:00",36745
"2024-12-12 21:30:00",36459
"2024-12-12 21:40:00",36096
"2024-12-12 21:50:00",35802
"2024-12-12 22:00:00",35496
"2024-12-12 22:10:00",35171
"2024-12-12 22:20:00",34755
"2024-12-12 22:30:00",34405
"2024-12-12 22:40:00",33970
"2024-12-12 22:50:00",33499
"2024-12-12 23:00:00",32990
"2024-12-12 23:10:00",32502
"2024-12-12 23:20:00",32102
"2024-12-12 23:30:00",31755
"2024-12-12 23:40:00",31399
"2024-12-12 23:50:00",31207
"2024-12-13 00:00:00",30960
"2024-12-13 00:10:00",30890
"2024-12-13 00:20:00",30871
"2024-12-13 00:30:00",30438
"2024-12-13 00:40:00",30074
"2024-12-13 00:50:00",29989
"2024-12-13 01:00:00",29961
"2024-12-13 01:10:00",29859
"2024-12-13 01:20:00",29741
"2024-12-13 01:30:00",29770
"2024-12-13 01:40:00",29957
"2024-12-13 01:50:00",30115
"2024-12-13 02:00:00",30245
"2024-12-13 02:10:00",30530
"2024-12-13 02:20:00",30738
"2024-12-13 02:30:00",30793
"2024-12-13 02:40:00",30826
"2024-12-13 02:50:00",30807
"2024-12-13 03:00:00",30792
"2024-12-13 03:10:00",30718
"2024-12-13 03:20:00",30713
"2024-12-13 03:30:00",30600
"2024-12-13 03:40:00",30530
"2024-12-13 03:50:00",30511
"2024-12-13 04:00:00",30463
"2024-12-13 04:10:00",30865
"2024-12-13 04:20:00",31580
"2024-12-13 04:30:00",32168
"2024-12-13 04:40:00",32613
"2024-12-13 04:50:00",32847
"2024-12-13 05:00:00",32887
"2024-12-13 05:10:00",32781
"2024-12-13 05:20:00",32611
"2024-12-13 05:30:00",32479
"2024-12-13 05:40:00",32062
"2024-12-13 05:50:00",31698
"2024-12-13 06:00:00",31426
"2024-12-13 06:10:00",31077
"2024-12-13 06:20:00",30820
"2024-12-13 06:30:00",30619
"2024-12-13 06:40:00",30344
"2024-12-13 06:50:00",30159
"2024-12-13 07:00:00",29954
"2024-12-13 07:10:00",29683
"2024-12-13 07:20:00",29611
"2024-12-13 07:30:00",29615
"2024-12-13 07:40:00",29567
"2024-12-13 07:50:00",29628
"2024-12-13 08:00:00",29759
"2024-12-13 08:10:00",29825
"2024-12-13 08:20:00",29881
"2024-12-13 08:30:00",30159
"2024-12-13 08:40:00",30435
"2024-12-13 08:50:00",30583
"2024-12-13 09:00:00",30530
"2024-12-13 09:10:00",30682
"2024-12-13 09:20:00",30781
"2024-12-13 09:30:00",30927
"2024-12-13 09:40:00",31179
"2024-12-13 09:50:00",31464
"2024-12-13 10:00:00",31628
"2024-12-13 10:10:00",31891
"2024-12-13 10:20:00",32175
"2024-12-13 10:30:00",32451
"2024-12-13 10:40:00",33202
"2024-12-13 10:50:00",33783
"2024-12-13 11:00:00",34371
"2024-12-13 11:10:00",35081
"2024-12-13 11:20:00",35912
"2024-12-13 11:30:00",36646
"2024-12-13 11:40:00",37464
"2024-12-13 11:50:00",38394
"2024-12-13 12:00:00",39057
"2024-12-13 12:10:00",39943
"2024-12-13 12:20:00",40700
"2024-12-13 12:30:00",41601
"2024-12-13 12:40:00",42428
"2024-12-13 12:50:00",43317
"2024-12-13 13:00:00",44283
"2024-12-13 13:10:00",45168
"2024-12-13 13:20:00",46061
"2024-12-13 13:30:00",46929
"2024-12-13 13:40:00",47525
"2024-12-13 13:50:00",48431
"2024-12-13 14:00:00",48817
"2024-12-13 14:10:00",49443
"2024-12-13 14:20:00",49640
"2024-12-13 14:30:00",50128
"2024-12-13 14:40:00",50387
"2024-12-13 14:50:00",50441
"2024-12-13 15:00:00",50183
"2024-12-13 15:10:00",49758
"2024-12-13 15:20:00",49400
"2024-12-13 15:30:00",48974
"2024-12-13 15:40:00",48364
"2024-12-13 15:50:00",48006
"2024-12-13 16:00:00",47380
"2024-12-13 16:10:00",46328
"2024-12-13 16:20:00",45763
"2024-12-13 16:30:00",45248
"2024-12-13 16:40:00",44622
"2024-12-13 16:50:00",44165
"2024-12-13 17:00:00",43426
"2024-12-13 17:10:00",42961
"2024-12-13 17:20:00",42516
"2024-12-13 17:30:00",42073
"2024-12-13 17:40:00",41691
"2024-12-13 17:50:00",41275
"2024-12-13 18:00:00",40846
"2024-12-13 18:10:00",40441
"2024-12-13 18:20:00",40286
"2024-12-13 18:30:00",40152
"2024-12-13 18:40:00",39995
"2024-12-13 18:50:00",39947
"2024-12-13 19:00:00",39648
"2024-12-13 19:10:00",39646
"2024-12-13 19:20:00",39661
"2024-12-13 19:30:00",39759
"2024-12-13 19:40:00",39723
"2024-12-13 19:50:00",39752
"2024-12-13 20:00:00",39931
"2024-12-13 20:10:00",40063
"2024-12-13 20:20:00",40185
"2024-12-13 20:30:00",40320
"2024-12-13 20:40:00",40342
"2024-12-13 20:50:00",40280
"2024-12-13 21:00:00",40193
"2024-12-13 21:10:00",40053
"2024-12-13 21:20:00",40020
"2024-12-13 21:30:00",39947
"2024-12-13 21:40:00",39694
"2024-12-13 21:50:00",39544
"2024-12-13 22:00:00",39410
"2024-12-13 22:10:00",39107
"2024-12-13 22:20:00",38950
"2024-12-13 22:30:00",38556
"2024-12-13 22:40:00",38322
"2024-12-13 22:50:00",37975
"2024-12-13 23:00:00",37538
"2024-12-13 23:10:00",37097
"2024-12-13 23:20:00",36706
"2024-12-13 23:30:00",36224
"2024-12-13 23:40:00",35856
"2024-12-13 23:50:00",35483
"2024-12-14 00:00:00",35158
"2024-12-14 00:10:00",34895
"2024-12-14 00:20:00",34724
"2024-12-14 00:30:00",34542
"2024-12-14 00:40:00",34542
"2024-12-14 00:50:00",34669
"2024-12-14 01:00:00",34788
"2024-12-14 01:10:00",34991
"2024-12-14 01:20:00",35373
"2024-12-14 01:30:00",35771
"2024-12-14 01:40:00",35976
"2024-12-14 01:50:00",36484
"2024-12-14 02:00:00",36914
"2024-12-14 02:10:00",37402
"2024-12-14 02:20:00",37835
"2024-12-14 02:30:00",38281
"2024-12-14 02:40:00",38869
"2024-12-14 02:50:00",39267
"2024-12-14 03:00:00",39521
"2024-12-14 03:10:00",39736
"2024-12-14 03:20:00",40057
"2024-12-14 03:30:00",40247
"2024-12-14 03:40:00",40448
"2024-12-14 03:50:00",40954
"2024-12-14 04:00:00",41238
"2024-12-14 04:10:00",41618
"2024-12-14 04:20:00",42058
"2024-12-14 04:30:00",42195
"2024-12-14 04:40:00",42669
"2024-12-14 04:50:00",43019
"2024-12-14 05:00:00",43254
"2024-12-14 05:10:00",43666
"2024-12-14 05:20:00",43954
"2024-12-14 05:30:00",44103
"2024-12-14 05:40:00",44201
"2024-12-14 05:50:00",44116
"2024-12-14 06:00:00",44070
"2024-12-14 06:10:00",43861
"2024-12-14 06:20:00",43665
"2024-12-14 06:30:00",43738
"2024-12-14 06:40:00",43791
"2024-12-14 06:50:00",43713
"2024-12-14 07:00:00",43668
"2024-12-14 07:10:00",43677
"2024-12-14 07:20:00",43700
"2024-12-14 07:30:00",43573
"2024-12-14 07:40:00",43601
"2024-12-14 07:50:00",43592
"2024-12-14 08:00:00",43440
"2024-12-14 08:10:00",43614
"2024-12-14 08:20:00",43590
"2024-12-14 08:30:00",43769
"2024-12-14 08:40:00",43789
"2024-12-14 08:50:00",43707
"2024-12-14 09:00:00",43651
"2024-12-14 09:10:00",43526
"2024-12-14 09:20:00",43632
"2024-12-14 09:30:00",43725
"2024-12-14 09:40:00",43856
"2024-12-14 09:50:00",44133
"2024-12-14 10:00:00",44236
"2024-12-14 10:10:00",44511
"2024-12-14 10:20:00",44883
"2024-12-14 10:30:00",45382
"2024-12-14 10:40:00",45680
"2024-12-14 10:50:00",46281
"2024-12-14 11:00:00",46658
"2024-12-14 11:10:00",47255
"2024-12-14 11:20:00",48006
"2024-12-14 11:30:00",48808
"2024-12-14 11:40:00",49403
"2024-12-14 11:50:00",50078
"2024-12-14 12:00:00",50862
"2024-12-14 12:10:00",51595
"2024-12-14 12:20:00",52505
"2024-12-14 12:30:00",53300
"2024-12-14 12:40:00",54164
"2024-12-14 12:50:00",55437
"2024-12-14 13:00:00",56251
"2024-12-14 13:10:00",57184
"2024-12-14 13:20:00",58249
"2024-12-14 13:30:00",58916
"2024-12-14 13:40:00",59636
"2024-12-14 13:50:00",60388
"2024-12-14 14:00:00",61127
"2024-12-14 14:10:00",61669
"2024-12-14 14:20:00",62141
"2024-12-14 14:30:00",62660
"2024-12-14 14:40:00",63025
"2024-12-14 14:50:00",62939
"2024-12-14 15:00:00",62893
"2024-12-14 15:10:00",62547
"2024-12-14 15:20:00",62412
"2024-12-14 15:30:00",62215
"2024-12-14 15:40:00",61815
"2024-12-14 15:50:00",61255
"2024-12-14 16:00:00",60831
"2024-12-14 16:10:00",59982
"2024-12-14 16:20:00",59124
"2024-12-14 16:30:00",58626
"2024-12-14 16:40:00",58157
"2024-12-14 16:50:00",57465
"2024-12-14 17:00:00",56800
"2024-12-14 17:10:00",56078
"2024-12-14 17:20:00",55459
"2024-12-14 17:30:00",54838
"2024-12-14 17:40:00",54367
"2024-12-14 17:50:00",54026
"2024-12-14 18:00:00",53602
"2024-12-14 18:10:00",53057
"2024-12-14 18:20:00",52539
"2024-12-14 18:30:00",52321
"2024-12-14 18:40:00",51929
"2024-12-14 18:50:00",51664
"2024-12-14 19:00:00",51426
"2024-12-14 19:10:00",51279
"2024-12-14 19:20:00",51244
"2024-12-14 19:30:00",51159
"2024-12-14 19:40:00",51034
"2024-12-14 19:50:00",51099
"2024-12-14 20:00:00",51117
"2024-12-14 20:10:00",51106
"2024-12-14 20:20:00",51081
"2024-12-14 20:30:00",50995
"2024-12-14 20:40:00",51061
"2024-12-14 20:50:00",50944
"2024-12-14 21:00:00",50925
"2024-12-14 21:10:00",50594
"2024-12-14 21:20:00",50411
"2024-12-14 21:30:00",50335
"2024-12-14 21:40:00",50135
"2024-12-14 21:50:00",49931
"2024-12-14 22:00:00",49493
"2024-12-14 22:10:00",49019
"2024-12-14 22:20:00",48648
"2024-12-14 22:30:00",48261
"2024-12-14 22:40:00",47808
"2024-12-14 22:50:00",47277
"2024-12-14 23:00:00",46703
"2024-12-14 23:10:00",46130
"2024-12-14 23:20:00",45406
"2024-12-14 23:30:00",44769
"2024-12-14 23:40:00",44300
"2024-12-14 23:50:00",43786
"2024-12-15 00:00:00",43325
"2024-12-15 00:10:00",42792
"2024-12-15 00:20:00",42585
"2024-12-15 00:30:00",42285
"2024-12-15 00:40:00",42101
"2024-12-15 00:50:00",41981
"2024-12-15 01:00:00",41879
"2024-12-15 01:10:00",41847
"2024-12-15 01:20:00",42192
"2024-12-15 01:30:00",42378
"2024-12-15 01:40:00",42707
"2024-12-15 01:50:00",43053
"2024-12-15 02:00:00",43422
"2024-12-15 02:10:00",44017
"2024-12-15 02:20:00",44640
"2024-12-15 02:30:00",45070
"2024-12-15 02:40:00",45758
"2024-12-15 02:50:00",46335
"2024-12-15 03:00:00",46663
"2024-12-15 03:10:00",47028
"2024-12-15 03:20:00",47284
"2024-12-15 03:30:00",47669
"2024-12-15 03:40:00",47866
"2024-12-15 03:50:00",47962
"2024-12-15 04:00:00",48139
"2024-12-15 04:10:00",48547
"2024-12-15 04:20:00",48855
"2024-12-15 04:30:00",49040
"2024-12-15 04:40:00",49506
"2024-12-15 04:50:00",49809
"2024-12-15 05:00:00",49802
"2024-12-15 05:10:00",50077
"2024-12-15 05:20:00",50261
"2024-12-15 05:30:00",50431
"2024-12-15 05:40:00",50570
"2024-12-15 05:50:00",50628
"2024-12-15 06:00:00",50617
"2024-12-15 06:10:00",50423
"2024-12-15 06:20:00",50369
"2024-12-15 06:30:00",50259
"2024-12-15 06:40:00",50356
"2024-12-15 06:50:00",50325
"2024-12-15 07:00:00",50263
"2024-12-15 07:10:00",50097
"2024-12-15 07:20:00",50032
"2024-12-15 07:30:00",49964
"2024-12-15 07:40:00",49926
"2024-12-15 07:50:00",50052
"2024-12-15 08:00:00",50005
"2024-12-15 08:10:00",50046
"2024-12-15 08:20:00",50293
"2024-12-15 08:30:00",50348
"2024-12-15 08:40:00",50368
"2024-12-15 08:50:00",50436
"2024-12-15 09:00:00",50358
"2024-12-15 09:10:00",50127
"2024-12-15 09:20:00",50041
"2024-12-15 09:30:00",50052
"2024-12-15 09:40:00",49981
"2024-12-15 09:50:00",49900
"2024-12-15 10:00:00",49882
"2024-12-15 10:10:00",49726
"2024-12-15 10:20:00",50009
"2024-12-15 10:30:00",50213
"2024-12-15 10:40:00",50515
"2024-12-15 10:50:00",51071
"2024-12-15 11:00:00",51637
"2024-12-15 11:10:00",52248
"2024-12-15 11:20:00",53105
"2024-12-15 11:30:00",53772
"2024-12-15 11:40:00",54673
"2024-12-15 11:50:00",55504
"2024-12-15 12:00:00",56196
"2024-12-15 12:10:00",57005
"2024-12-15 12:20:00",57931
"2024-12-15 12:30:00",58852
"2024-12-15 12:40:00",60017
"2024-12-15 12:50:00",61097
"2024-12-15 13:00:00",62081
"2024-12-15 13:10:00",62947
"2024-12-15 13:20:00",63868
"2024-12-15 13:30:00",64575
"2024-12-15 13:40:00",65374
"2024-12-15 13:50:00",66071
"2024-12-15 14:00:00",66331
"2024-12-15 14:10:00",66644
"2024-12-15 14:20:00",66786
"2024-12-15 14:30:00",66752
"2024-12-15 14:40:00",66554
"2024-12-15 14:50:00",66273
"2024-12-15 15:00:00",65766
"2024-12-15 15:10:00",64806
"2024-12-15 15:20:00",64122
"2024-12-15 15:30:00",63593
"2024-12-15 15:40:00",62803
"2024-12-15 15:50:00",62015
"2024-12-15 16:00:00",61279
"2024-12-15 16:10:00",60182
"2024-12-15 16:20:00",59406
"2024-12-15 16:30:00",58687
"2024-12-15 16:40:00",58232
"2024-12-15 16:50:00",57761
"2024-12-15 17:00:00",57227
"2024-12-15 17:10:00",56703
"2024-12-15 17:20:00",56237
"2024-12-15 17:30:00",55979
"2024-12-15 17:40:00",55855
"2024-12-15 17:50:00",55751
"2024-12-15 18:00:00",55455
"2024-12-15 18:10:00",55215
"2024-12-15 18:20:00",55166
"2024-12-15 18:30:00",55159
"2024-12-15 18:40:00",55248
"2024-12-15 18:50:00",55349
"2024-12-15 19:00:00",55282
"2024-12-15 19:10:00",55250
"2024-12-15 19:20:00",55314
"2024-12-15 19:30:00",55299
"2024-12-15 19:40:00",55266
"2024-12-15 19:50:00",55283
"2024-12-15 20:00:00",55152
"2024-12-15 20:10:00",55059
"2024-12-15 20:20:00",55022
"2024-12-15 20:30:00",54858
"2024-12-15 20:40:00",54553
"2024-12-15 20:50:00",54070
"2024-12-15 21:00:00",53557
"2024-12-15 21:10:00",53243
"2024-12-15 21:20:00",52698
"2024-12-15 21:30:00",51938
"2024-12-15 21:40:00",51440
"2024-12-15 21:50:00",51019
"2024-12-15 22:00:00",50317
"2024-12-15 22:10:00",49667
"2024-12-15 22:20:00",48966
"2024-12-15 22:30:00",48178
"2024-12-15 22:40:00",47428
"2024-12-15 22:50:00",46661
"2024-12-15 23:00:00",45944
"2024-12-15 23:10:00",45116
"2024-12-15 23:20:00",44501
"2024-12-15 23:30:00",43924
"2024-12-15 23:40:00",43341
"2024-12-15 23:50:00",42762
"2024-12-16 00:00:00",42322
"2024-12-16 00:10:00",41887
"2024-12-16 00:20:00",41576
"2024-12-16 00:30:00",41255
"2024-12-16 00:40:00",41000
"2024-12-16 00:50:00",40843
"2024-12-16 01:00:00",40701
"2024-12-16 01:10:00",40659
"2024-12-16 01:20:00",40713
"2024-12-16 01:30:00",40602
"2024-12-16 01:40:00",40675
"2024-12-16 01:50:00",40666
"2024-12-16 02:00:00",40604
"2024-12-16 02:10:00",40707
"2024-12-16 02:20:00",40896
"2024-12-16 02:30:00",40929
"2024-12-16 02:40:00",40961
"2024-12-16 02:50:00",40979
"2024-12-16 03:00:00",40859
"2024-12-16 03:10:00",40677
"2024-12-16 03:20:00",40424
"2024-12-16 03:30:00",39957
"2024-12-16 03:40:00",39697
"2024-12-16 03:50:00",39519
"2024-12-16 04:00:00",39477
"2024-12-16 04:10:00",39338
"2024-12-16 04:20:00",39405
"2024-12-16 04:30:00",39605
"2024-12-16 04:40:00",39712
"2024-12-16 04:50:00",39641
"2024-12-16 05:00:00",39291
"2024-12-16 05:10:00",38809
"2024-12-16 05:20:00",38292
"2024-12-16 05:30:00",37593
"2024-12-16 05:40:00",37000
"2024-12-16 05:50:00",36341
"2024-12-16 06:00:00",35636
"2024-12-16 06:10:00",35076
"2024-12-16 06:20:00",34560
"2024-12-16 06:30:00",34295
"2024-12-16 06:40:00",33941
"2024-12-16 06:50:00",33640
"2024-12-16 07:00:00",33362
"2024-12-16 07:10:00",33072
"2024-12-16 07:20:00",32894
"2024-12-16 07:30:00",32706
"2024-12-16 07:40:00",32522
"2024-12-16 07:50:00",32563
"2024-12-16 08:00:00",32605
"2024-12-16 08:10:00",32600
"2024-12-16 08:20:00",32841
"2024-12-16 08:30:00",33025
"2024-12-16 08:40:00",33223
"2024-12-16 08:50:00",33315
"2024-12-16 09:00:00",33376
"2024-12-16 09:10:00",33427
"2024-12-16 09:20:00",33492
"2024-12-16 09:30:00",33638
"2024-12-16 09:40:00",33850
"2024-12-16 09:50:00",33982
"2024-12-16 10:00:00",34098
"2024-12-16 10:10:00",34339
"2024-12-16 10:20:00",34750
"2024-12-16 10:30:00",35240
"2024-12-16 10:40:00",35779
"2024-12-16 10:50:00",36363
"2024-12-16 11:00:00",36956
"2024-12-16 11:10:00",37680
"2024-12-16 11:20:00",38510
"2024-12-16 11:30:00",39336
"2024-12-16 11:40:00",40302
"2024-12-16 11:50:00",41521
"2024-12-16 12:00:00",42362
"2024-12-16 12:10:00",43358
"2024-12-16 12:20:00",44290
"2024-12-16 12:30:00",45120
"2024-12-16 12:40:00",46184
"2024-12-16 12:50:00",47239
"2024-12-16 13:00:00",48087
"2024-12-16 13:10:00",49089
"2024-12-16 13:20:00",50057
"2024-12-16 13:30:00",50981
"2024-12-16 13:40:00",51913
"2024-12-16 13:50:00",52612
"2024-12-16 14:00:00",52880
"2024-12-16 14:10:00",53372
"2024-12-16 14:20:00",53661
"2024-12-16 14:30:00",53609
"2024-12-16 14:40:00",53389
"2024-12-16 14:50:00",53138
"2024-12-16 15:00:00",52532
"2024-12-16 15:10:00",51408
"2024-12-16 15:20:00",50797
"2024-12-16 15:30:00",50062
"2024-12-16 15:40:00",49139
"2024-12-16 15:50:00",48469
"2024-12-16 16:00:00",47537
"2024-12-16 16:10:00",46411
"2024-12-16 16:20:00",45561
"2024-12-16 16:30:00",45286
"2024-12-16 16:40:00",44892
"2024-12-16 16:50:00",44496
"2024-12-16 17:00:00",44118
"2024-12-16 17:10:00",43860
"2024-12-16 17:20:00",43639
"2024-12-16 17:30:00",43594
"2024-12-16 17:40:00",43655
"2024-12-16 17:50:00",43634
"2024-12-16 18:00:00",43551
"2024-12-16 18:10:00",43559
"2024-12-16 18:20:00",43662
"2024-12-16 18:30:00",43818
"2024-12-16 18:40:00",43961
"2024-12-16 18:50:00",44056
"2024-12-16 19:00:00",44146
"2024-12-16 19:10:00",44269
"2024-12-16 19:20:00",44460
"2024-12-16 19:30:00",44684
"2024-12-16 19:40:00",44835
"2024-12-16 19:50:00",44828
"2024-12-16 20:00:00",44714
"2024-12-16 20:10:00",44945
"2024-12-16 20:20:00",44958
"2024-12-16 20:30:00",44888
"2024-12-16 20:40:00",44859
"2024-12-16 20:50:00",44790
"2024-12-16 21:00:00",44416
"2024-12-16 21:10:00",43919
"2024-12-16 21:20:00",43546
"2024-12-16 21:30:00",43307
"2024-12-16 21:40:00",42983
"2024-12-16 21:50:00",42545
"2024-12-16 22:00:00",42119
"2024-12-16 22:10:00",41548
"2024-12-16 22:20:00",40971
"2024-12-16 22:30:00",40507
"2024-12-16 22:40:00",40023
"2024-12-16 22:50:00",39559
"2024-12-16 23:00:00",39068
"2024-12-16 23:10:00",38522
"2024-12-16 23:20:00",38144
"2024-12-16 23:30:00",37898
"2024-12-16 23:40:00",37541
"2024-12-16 23:50:00",37235
"2024-12-17 00:00:00",37041
"2024-12-17 00:10:00",36875
"2024-12-17 00:20:00",36628
"2024-12-17 00:30:00",36614
"2024-12-17 00:40:00",36664
"2024-12-17 00:50:00",36892
"2024-12-17 01:00:00",36983
"2024-12-17 01:10:00",37123
"2024-12-17 01:20:00",37358
"2024-12-17 01:30:00",37474
"2024-12-17 01:40:00",37719
"2024-12-17 01:50:00",38090
"2024-12-17 02:00:00",38142
"2024-12-17 02:10:00",38381
"2024-12-17 02:20:00",38810
"2024-12-17 02:30:00",38955
"2024-12-17 02:40:00",39219
"2024-12-17 02:50:00",39407
"2024-12-17 03:00:00",39442
"2024-12-17 03:10:00",39339
"2024-12-17 03:20:00",39259
"2024-12-17 03:30:00",39165
"2024-12-17 03:40:00",38940
"2024-12-17 03:50:00",38773
"2024-12-17 04:00:00",38688
"2024-12-17 04:10:00",38481
"2024-12-17 04:20:00",38615
"2024-12-17 04:30:00",38787
"2024-12-17 04:40:00",38737
"2024-12-17 04:50:00",38683
"2024-12-17 05:00:00",38461
"2024-12-17 05:10:00",37991
"2024-12-17 05:20:00",37554
"2024-12-17 05:30:00",37044
"2024-12-17 05:40:00",36501
"2024-12-17 05:50:00",35922
"2024-12-17 06:00:00",35321
"2024-12-17 06:10:00",34620
"2024-12-17 06:20:00",34140
"2024-12-17 06:30:00",33838
"2024-12-17 06:40:00",33459
"2024-12-17 06:50:00",33278
"2024-12-17 07:00:00",32995
"2024-12-17 07:10:00",32738
"2024-12-17 07:20:00",32643
"2024-12-17 07:30:00",32525
"2024-12-17 07:40:00",32460
"2024-12-17 07:50:00",32466
"2024-12-17 08:00:00",32453
"2024-12-17 08:10:00",32488
"2024-12-17 08:20:00",32637
"2024-12-17 08:30:00",32800
"2024-12-17 08:40:00",32939
"2024-12-17 08:50:00",33012
"2024-12-17 09:00:00",33062
"2024-12-17 09:10:00",33065
"2024-12-17 09:20:00",33260
"2024-12-17 09:30:00",33403
"2024-12-17 09:40:00",33706
"2024-12-17 09:50:00",33957
"2024-12-17 10:00:00",34159
"2024-12-17 10:10:00",34453
"2024-12-17 10:20:00",34919
"2024-12-17 10:30:00",35236
"2024-12-17 10:40:00",35655
"2024-12-17 10:50:00",36127
"2024-12-17 11:00:00",36816
"2024-12-17 11:10:00",37669
"2024-12-17 11:20:00",38727
"2024-12-17 11:30:00",39561
"2024-12-17 11:40:00",40493
"2024-12-17 11:50:00",41390
"2024-12-17 12:00:00",42204
"2024-12-17 12:10:00",43039
"2024-12-17 12:20:00",44078
"2024-12-17 12:30:00",45026
"2024-12-17 12:40:00",46229
"2024-12-17 12:50:00",47453
"2024-12-17 13:00:00",48425
"2024-12-17 13:10:00",49454
"2024-12-17 13:20:00",50255
"2024-12-17 13:30:00",51217
"2024-12-17 13:40:00",51945
"2024-12-17 13:50:00",52673
"2024-12-17 14:00:00",53133
"2024-12-17 14:10:00",53502
"2024-12-17 14:20:00",53803
"2024-12-17 14:30:00",53842
"2024-12-17 14:40:00",53700
"2024-12-17 14:50:00",53651
"2024-12-17 15:00:00",53006
"2024-12-17 15:10:00",52041
"2024-12-17 15:20:00",51499
"2024-12-17 15:30:00",50961
"2024-12-17 15:40:00",49946
"2024-12-17 15:50:00",49160
"2024-12-17 16:00:00",48221
"2024-12-17 16:10:00",47122
"2024-12-17 16:20:00",46373
"2024-12-17 16:30:00",45928
"2024-12-17 16:40:00",45395
"2024-12-17 16:50:00",44933
"2024-12-17 17:00:00",44606
"2024-12-17 17:10:00",44058
"2024-12-17 17:20:00",43902
"2024-12-17 17:30:00",43776
"2024-12-17 17:40:00",43803
"2024-12-17 17:50:00",43650
"2024-12-17 18:00:00",43677
"2024-12-17 18:10:00",43587
"2024-12-17 18:20:00",43574
"2024-12-17 18:30:00",43668
"2024-12-17 18:40:00",43870
"2024-12-17 18:50:00",43919
"2024-12-17 19:00:00",43887
"2024-12-17 19:10:00",43942
"2024-12-17 19:20:00",44158
"2024-12-17 19:30:00",44285
"2024-12-17 19:40:00",44433
"2024-12-17 19:50:00",44433
"2024-12-17 20:00:00",44410
"2024-12-17 20:10:00",44494
"2024-12-17 20:20:00",44549
"2024-12-17 20:30:00",44607
"2024-12-17 20:40:00",44523
"2024-12-17 20:50:00",44321
"2024-12-17 21:00:00",44112
"2024-12-17 21:10:00",43685
"2024-12-17 21:20:00",43290
"2024-12-17 21:30:00",42909
"2024-12-17 21:40:00",42410
"2024-12-17 21:50:00",41980
"2024-12-17 22:00:00",41461
"2024-12-17 22:10:00",40958
"2024-12-17 22:20:00",40530
"2024-12-17 22:30:00",39977
"2024-12-17 22:40:00",39466
"2024-12-17 22:50:00",38993
"2024-12-17 23:00:00",38527
"2024-12-17 23:10:00",37934
"2024-12-17 23:20:00",25151
"2024-12-17 23:30:00",36736
"2024-12-17 23:40:00",36778
"2024-12-17 23:50:00",36606
"2024-12-18 00:00:00",36390
"2024-12-18 00:10:00",36201
"2024-12-18 00:20:00",36045
"2024-12-18 00:30:00",36040
"2024-12-18 00:40:00",36231
"2024-12-18 00:50:00",36453
"2024-12-18 01:00:00",36515
"2024-12-18 01:10:00",36527
"2024-12-18 01:20:00",36756
"2024-12-18 01:30:00",36950
"2024-12-18 01:40:00",37159
"2024-12-18 01:50:00",37307
"2024-12-18 02:00:00",37442
"2024-12-18 02:10:00",37590
"2024-12-18 02:20:00",37769
"2024-12-18 02:30:00",38024
"2024-12-18 02:40:00",38075
"2024-12-18 02:50:00",38174
"2024-12-18 03:00:00",38298
"2024-12-18 03:10:00",38185
"2024-12-18 03:20:00",38142
"2024-12-18 03:30:00",37988
"2024-12-18 03:40:00",37886