"DateTime","Players","Average Players"
"2024-11-10 01:00:00",,0
"2024-11-10 02:00:00",,0
"2024-11-10 03:00:00",,0
"2024-11-10 04:00:00",,0
"2024-11-10 05:00:00",,0
"2024-11-10 06:00:00",,0
"2024-11-10 07:00:00",,0
"2024-11-10 08:00:00",,0
"2024-11-10 09:00:00",,0
"2024-11-10 10:00:00",,0
"2024-11-10 11:00:00",,0
"2024-11-10 12:00:00",,0
"2024-11-10 13:00:00",,0
"2024-11-10 14:00:00",,0
"2024-11-10 15:00:00",,0
"2024-11-10 16:00:00",,0
"2024-11-10 17:00:00",,0
"2024-11-10 18:00:00",,0
"2024-11-10 19:00:00",,0
"2024-11-10 20:00:00",,0
"2024-11-10 21:00:00",,0
"2024-11-10 22:00:00",,0
"2024-11-10 23:00:00",,0
"2024-11-11 00:00:00",,0
"2024-11-11 01:00:00",,0
"2024-11-11 02:00:00",,0
"2024-11-11 03:00:00",,0
"2024-11-11 04:00:00",,0
"2024-11-11 05:00:00",,0
"2024-11-11 06:00:00",,0
"2024-11-11 07:00:00",,0
"2024-11-11 08:00:00",,0
"2024-11-11 09:00:00",,0
"2024-11-11 10:00:00",,0
"2024-11-11 11:00:00",,0
"2024-11-11 12:00:00",,0
"2024-11-11 13:00:00",,0
"2024-11-11 14:00:00",,0
"2024-11-11 15:00:00",,0
"2024-11-11 16:00:00",,0
"2024-11-11 17:00:00",,0
"2024-11-11 18:00:00",,0
"2024-11-11 19:00:00",,0
"2024-11-11 20:00:00",,0
"2024-11-11 21:00:00",,0
"2024-11-11 22:00:00",,0
"2024-11-11 23:00:00",,0
"2024-11-12 00:00:00",,0
"2024-11-12 01:00:00",,0
"2024-11-12 02:00:00",,0
"2024-11-12 03:00:00",,0
"2024-11-12 04:00:00",,0
"2024-11-12 05:00:00",,0
"2024-11-12 06:00:00",,0
"2024-11-12 07:00:00",,0
"2024-11-12 08:00:00",,0
"2024-11-12 09:00:00",,0
"2024-11-12 10:00:00",,0
"2024-11-12 11:00:00",,0
"2024-11-12 12:00:00",,0
"2024-11-12 13:00:00",,0
"2024-11-12 14:00:00",,0
"2024-11-12 15:00:00",,0
"2024-11-12 16:00:00",,0
"2024-11-12 17:00:00",,0
"2024-11-12 18:00:00",,0
"2024-11-12 19:00:00",,0
"2024-11-12 20:00:00",,0
"2024-11-12 21:00:00",,0
"2024-11-12 22:00:00",,0
"2024-11-12 23:00:00",,0
"2024-11-13 00:00:00",,0
"2024-11-13 01:00:00",,0
"2024-11-13 02:00:00",,0
"2024-11-13 03:00:00",,0
"2024-11-13 04:00:00",,0
"2024-11-13 05:00:00",,0
"2024-11-13 06:00:00",,0
"2024-11-13 07:00:00",,0
"2024-11-13 08:00:00",,0
"2024-11-13 09:00:00",,0
"2024-11-13 10:00:00",,0
"2024-11-13 11:00:00",,0
"2024-11-13 12:00:00",,0
"2024-11-13 13:00:00",,0
"2024-11-13 14:00:00",,0
"2024-11-13 15:00:00",,0
"2024-11-13 16:00:00",,0
"2024-11-13 17:00:00",,0
"2024-11-13 18:00:00",,0
"2024-11-13 19:00:00",,0
"2024-11-13 20:00:00",,0
"2024-11-13 21:00:00",,0
"2024-11-13 22:00:00",,0
"2024-11-13 23:00:00",,0
"2024-11-14 00:00:00",,0
"2024-11-14 01:00:00",,0
"2024-11-14 02:00:00",,0
"2024-11-14 03:00:00",,0
"2024-11-14 04:00:00",,0
"2024-11-14 05:00:00",,0
"2024-11-14 06:00:00",,0
"2024-11-14 07:00:00",,0
"2024-11-14 08:00:00",,0
"2024-11-14 09:00:00",,0
"2024-11-14 10:00:00",,0
"2024-11-14 11:00:00",,0
"2024-11-14 12:00:00",,0
"2024-11-14 13:00:00",,0
"2024-11-14 14:00:00",,0
"2024-11-14 15:00:00",,0
"2024-11-14 16:00:00",,0
"2024-11-14 17:00:00",,0
"2024-11-14 18:00:00",,0
"2024-11-14 19:00:00",,0
"2024-11-14 20:00:00",,0
"2024-11-14 21:00:00",,0
"2024-11-14 22:00:00",,0
"2024-11-14 23:00:00",,0
"2024-11-15 00:00:00",,0
"2024-11-15 01:00:00",,0
"2024-11-15 02:00:00",,0
"2024-11-15 03:00:00",,0
"2024-11-15 04:00:00",,0
"2024-11-15 05:00:00",,0
"2024-11-15 06:00:00",,0
"2024-11-15 07:00:00",,0
"2024-11-15 08:00:00",,0
"2024-11-15 09:00:00",,0
"2024-11-15 10:00:00",,0
"2024-11-15 11:00:00",,0
"2024-11-15 12:00:00",,0
"2024-11-15 13:00:00",,0
"2024-11-15 14:00:00",,0
"2024-11-15 15:00:00",,0
"2024-11-15 16:00:00",,0
"2024-11-15 17:00:00",,0
"2024-11-15 18:00:00",,0
"2024-11-15 19:00:00",,0
"2024-11-15 20:00:00",,0
"2024-11-15 21:00:00",,0
"2024-11-15 22:00:00",,0
"2024-11-15 23:00:00",,0
"2024-11-16 00:00:00",,0
"2024-11-16 01:00:00",,0
"2024-11-16 02:00:00",,0
"2024-11-16 03:00:00",,0
"2024-11-16 04:00:00",,0
"2024-11-16 05:00:00",,0
"2024-11-16 06:00:00",,0
"2024-11-16 07:00:00",,0
"2024-11-16 08:00:00",,0
"2024-11-16 09:00:00",,0
"2024-11-16 10:00:00",,0
"2024-11-16 11:00:00",,0
"2024-11-16 12:00:00",,0
"2024-11-16 13:00:00",,0
"2024-11-16 14:00:00",,0
"2024-11-16 15:00:00",,0
"2024-11-16 16:00:00",,0
"2024-11-16 17:00:00",,0
"2024-11-16 18:00:00",,0
"2024-11-16 19:00:00",,0
"2024-11-16 20:00:00",,0
"2024-11-16 21:00:00",,0
"2024-11-16 22:00:00",,0
"2024-11-16 23:00:00",,0
"2024-11-17 00:00:00",,0
"2024-11-17 01:00:00",,0
"2024-11-17 02:00:00",,0
"2024-11-17 03:00:00",,0
"2024-11-17 04:00:00",,0
"2024-11-17 05:00:00",,0
"2024-11-17 06:00:00",,0
"2024-11-17 07:00:00",,0
"2024-11-17 08:00:00",,0
"2024-11-17 09:00:00",,0
"2024-11-17 10:00:00",,0
"2024-11-17 11:00:00",,0
"2024-11-17 12:00:00",,0
"2024-11-17 13:00:00",,0
"2024-11-17 14:00:00",,0
"2024-11-17 15:00:00",,0
"2024-11-17 16:00:00",,0
"2024-11-17 17:00:00",,0
"2024-11-17 18:00:00",,0
"2024-11-17 19:00:00",,0
"2024-11-17 20:00:00",,0
"2024-11-17 21:00:00",,0
"2024-11-17 22:00:00",,0
"2024-11-17 23:00:00",,0
"2024-11-18 00:00:00",,0
"2024-11-18 01:00:00",,0
"2024-11-18 02:00:00",,0
"2024-11-18 03:00:00",,0
"2024-11-18 04:00:00",,0
"2024-11-18 05:00:00",,0
"2024-11-18 06:00:00",,0
"2024-11-18 07:00:00",,0
"2024-11-18 08:00:00",,0
"2024-11-18 09:00:00",,0
"2024-11-18 10:00:00",,0
"2024-11-18 11:00:00",,0
"2024-11-18 12:00:00",,0
"2024-11-18 13:00:00",,0
"2024-11-18 14:00:00",,0
"2024-11-18 15:00:00",,0
"2024-11-18 16:00:00",,0
"2024-11-18 17:00:00",,0
"2024-11-18 18:00:00",,0
"2024-11-18 19:00:00",,0
"2024-11-18 20:00:00",,0
"2024-11-18 21:00:00",,0
"2024-11-18 22:00:00",,0
"2024-11-18 23:00:00",,0
"2024-11-19 00:00:00",,0
"2024-11-19 01:00:00",,0
"2024-11-19 02:00:00",,0
"2024-11-19 03:00:00",,0
"2024-11-19 04:00:00",,0
"2024-11-19 05:00:00",,0
"2024-11-19 06:00:00",,0
"2024-11-19 07:00:00",,0
"2024-11-19 08:00:00",,0
"2024-11-19 09:00:00",,0
"2024-11-19 10:00:00",,0
"2024-11-19 11:00:00",,0
"2024-11-19 12:00:00",,0
"2024-11-19 13:00:00",,0
"2024-11-19 14:00:00",,0
"2024-11-19 15:00:00",,0
"2024-11-19 16:00:00",,0
"2024-11-19 17:00:00",,0
"2024-11-19 18:00:00",,0
"2024-11-19 19:00:00",,0
"2024-11-19 20:00:00",,0
"2024-11-19 21:00:00",,0
"2024-11-19 22:00:00",,0
"2024-11-19 23:00:00",,0
"2024-11-20 00:00:00",,0
"2024-11-20 01:00:00",,0
"2024-11-20 02:00:00",,0
"2024-11-20 03:00:00",,0
"2024-11-20 04:00:00",,0
"2024-11-20 05:00:00",,0
"2024-11-20 06:00:00",,0
"2024-11-20 07:00:00",,0
"2024-11-20 08:00:00",,0
"2024-11-20 09:00:00",,0
"2024-11-20 10:00:00",,0
"2024-11-20 11:00:00",,0
"2024-11-20 12:00:00",,0
"2024-11-20 13:00:00",,0
"2024-11-20 14:00:00",,0
"2024-11-20 15:00:00",,0
"2024-11-20 16:00:00",,0
"2024-11-20 17:00:00",,0
"2024-11-20 18:00:00",,0
"2024-11-20 19:00:00",,0
"2024-11-20 20:00:00",,0
"2024-11-20 21:00:00",,0
"2024-11-20 22:00:00",,0
"2024-11-20 23:00:00",,0
"2024-11-21 00:00:00",,0
"2024-11-21 01:00:00",,0
"2024-11-21 02:00:00",,0
"2024-11-21 03:00:00",,0
"2024-11-21 04:00:00",,0
"2024-11-21 05:00:00",,0
"2024-11-21 06:00:00",,0
"2024-11-21 07:00:00",,0
"2024-11-21 08:00:00",,0
"2024-11-21 09:00:00",,0
"2024-11-21 10:00:00",,0
"2024-11-21 11:00:00",,0
"2024-11-21 12:00:00",,0
"2024-11-21 13:00:00",,0
"2024-11-21 14:00:00",,0
"2024-11-21 15:00:00",,0
"2024-11-21 16:00:00",,0
"2024-11-21 17:00:00",,0
"2024-11-21 18:00:00",,0
"2024-11-21 19:00:00",,0
"2024-11-21 20:00:00",,0
"2024-11-21 21:00:00",,0
"2024-11-21 22:00:00",,0
"2024-11-21 23:00:00",,0
"2024-11-22 00:00:00",,0
"2024-11-22 01:00:00",,0
"2024-11-22 02:00:00",,0
"2024-11-22 03:00:00",,0
"2024-11-22 04:00:00",,0
"2024-11-22 05:00:00",,0
"2024-11-22 06:00:00",,0
"2024-11-22 07:00:00",,0
"2024-11-22 08:00:00",,0
"2024-11-22 09:00:00",,0
"2024-11-22 10:00:00",,0
"2024-11-22 11:00:00",,0
"2024-11-22 12:00:00",,0
"2024-11-22 13:00:00",,0
"2024-11-22 14:00:00",,0
"2024-11-22 15:00:00",,0
"2024-11-22 16:00:00",,0
"2024-11-22 17:00:00",,0
"2024-11-22 18:00:00",,0
"2024-11-22 19:00:00",,0
"2024-11-22 20:00:00",,0
"2024-11-22 21:00:00",,0
"2024-11-22 22:00:00",,0
"2024-11-22 23:00:00",,0
"2024-11-23 00:00:00",,0
"2024-11-23 01:00:00",,0
"2024-11-23 02:00:00",,0
"2024-11-23 03:00:00",,0
"2024-11-23 04:00:00",,0
"2024-11-23 05:00:00",,0
"2024-11-23 06:00:00",,0
"2024-11-23 07:00:00",,0
"2024-11-23 08:00:00",,0
"2024-11-23 09:00:00",,0
"2024-11-23 10:00:00",,0
"2024-11-23 11:00:00",,0
"2024-11-23 12:00:00",,0
"2024-11-23 13:00:00",,0
"2024-11-23 14:00:00",,0
"2024-11-23 15:00:00",,0
"2024-11-23 16:00:00",,0
"2024-11-23 17:00:00",,0
"2024-11-23 18:00:00",,0
"2024-11-23 19:00:00",,0
"2024-11-23 20:00:00",,0
"2024-11-23 21:00:00",,0
"2024-11-23 22:00:00",,0
"2024-11-23 23:00:00",,0
"2024-11-24 00:00:00",,0
"2024-11-24 01:00:00",,0
"2024-11-24 02:00:00",,0
"2024-11-24 03:00:00",,0
"2024-11-24 04:00:00",,0
"2024-11-24 05:00:00",,0
"2024-11-24 06:00:00",,0
"2024-11-24 07:00:00",,0
"2024-11-24 08:00:00",,0
"2024-11-24 09:00:00",,0
"2024-11-24 10:00:00",,0
"2024-11-24 11:00:00",,0
"2024-11-24 12:00:00",,0
"2024-11-24 13:00:00",,0
"2024-11-24 14:00:00",,0
"2024-11-24 15:00:00",,0
"2024-11-24 16:00:00",,0
"2024-11-24 17:00:00",,0
"2024-11-24 18:00:00",,0
"2024-11-24 19:00:00",,0
"2024-11-24 20:00:00",,0
"2024-11-24 21:00:00",,0
"2024-11-24 22:00:00",,0
"2024-11-24 23:00:00",,0
"2024-11-25 00:00:00",,0
"2024-11-25 01:00:00",,0
"2024-11-25 02:00:00",,0
"2024-11-25 03:00:00",,0
"2024-11-25 04:00:00",,0
"2024-11-25 05:00:00",,0
"2024-11-25 06:00:00",,0
"2024-11-25 07:00:00",,0
"2024-11-25 08:00:00",,0
"2024-11-25 09:00:00",,0
"2024-11-25 10:00:00",,0
"2024-11-25 11:00:00",,0
"2024-11-25 12:00:00",,0
"2024-11-25 13:00:00",,0
"2024-11-25 14:00:00",,0
"2024-11-25 15:00:00",,0
"2024-11-25 16:00:00",,0
"2024-11-25 17:00:00",,0
"2024-11-25 18:00:00",,0
"2024-11-25 19:00:00",,0
"2024-11-25 20:00:00",,0
"2024-11-25 21:00:00",,0
"2024-11-25 22:00:00",,0
"2024-11-25 23:00:00",,0
"2024-11-26 00:00:00",,0
"2024-11-26 01:00:00",,0
"2024-11-26 02:00:00",,0
"2024-11-26 03:00:00",,0
"2024-11-26 04:00:00",,0
"2024-11-26 05:00:00",,0
"2024-11-26 06:00:00",,0
"2024-11-26 07:00:00",,0
"2024-11-26 08:00:00",,0
"2024-11-26 09:00:00",,0
"2024-11-26 10:00:00",,0
"2024-11-26 11:00:00",,0
"2024-11-26 12:00:00",,0
"2024-11-26 13:00:00",,0
"2024-11-26 14:00:00",,0
"2024-11-26 15:00:00",,0
"2024-11-26 16:00:00",,0
"2024-11-26 17:00:00",,0
"2024-11-26 18:00:00",,0
"2024-11-26 19:00:00",,0
"2024-11-26 20:00:00",,0
"2024-11-26 21:00:00",,0
"2024-11-26 22:00:00",,0
"2024-11-26 23:00:00",,0
"2024-11-27 00:00:00",,0
"2024-11-27 01:00:00",,0
"2024-11-27 02:00:00",,0
"2024-11-27 03:00:00",,0
"2024-11-27 04:00:00",,0
"2024-11-27 05:00:00",,0
"2024-11-27 06:00:00",,0
"2024-11-27 07:00:00",,0
"2024-11-27 08:00:00",,0
"2024-11-27 09:00:00",,0
"2024-11-27 10:00:00",,0
"2024-11-27 11:00:00",,0
"2024-11-27 12:00:00",,0
"2024-11-27 13:00:00",,0
"2024-11-27 14:00:00",,0
"2024-11-27 15:00:00",,0
"2024-11-27 16:00:00",,0
"2024-11-27 17:00:00",,0
"2024-11-27 18:00:00",,0
"2024-11-27 19:00:00",,0
"2024-11-27 20:00:00",,0
"2024-11-27 21:00:00",,0
"2024-11-27 22:00:00",,0
"2024-11-27 23:00:00",,0
"2024-11-28 00:00:00",,0
"2024-11-28 01:00:00",,0
"2024-11-28 02:00:00",,0
"2024-11-28 03:00:00",,0
"2024-11-28 04:00:00",,0
"2024-11-28 05:00:00",,0
"2024-11-28 06:00:00",,0
"2024-11-28 07:00:00",,0
"2024-11-28 08:00:00",,0
"2024-11-28 09:00:00",,0
"2024-11-28 10:00:00",,0
"2024-11-28 11:00:00",,0
"2024-11-28 12:00:00",,0
"2024-11-28 13:00:00",,0
"2024-11-28 14:00:00",,0
"2024-11-28 15:00:00",,0
"2024-11-28 16:00:00",,0
"2024-11-28 17:00:00",,0
"2024-11-28 18:00:00",,0
"2024-11-28 19:00:00",,0
"2024-11-28 20:00:00",,0
"2024-11-28 21:00:00",,0
"2024-11-28 22:00:00",,0
"2024-11-28 23:00:00",,0
"2024-11-29 00:00:00",,0
"2024-11-29 01:00:00",,0
"2024-11-29 02:00:00",,0
"2024-11-29 03:00:00",,0
"2024-11-29 04:00:00",,0
"2024-11-29 05:00:00",,0
"2024-11-29 06:00:00",,0
"2024-11-29 07:00:00",,0
"2024-11-29 08:00:00",,0
"2024-11-29 09:00:00",,0
"2024-11-29 10:00:00",,0
"2024-11-29 11:00:00",,0
"2024-11-29 12:00:00",,0
"2024-11-29 13:00:00",,0
"2024-11-29 14:00:00",,0
"2024-11-29 15:00:00",,0
"2024-11-29 16:00:00",,0
"2024-11-29 17:00:00",,0
"2024-11-29 18:00:00",,0
"2024-11-29 19:00:00",,0
"2024-11-29 20:00:00",,0
"2024-11-29 21:00:00",,0
"2024-11-29 22:00:00",,0
"2024-11-29 23:00:00",,0
"2024-11-30 00:00:00",,0
"2024-11-30 01:00:00",,0
"2024-11-30 02:00:00",,0
"2024-11-30 03:00:00",,0
"2024-11-30 04:00:00",,0
"2024-11-30 05:00:00",,0
"2024-11-30 06:00:00",,0
"2024-11-30 07:00:00",,0
"2024-11-30 08:00:00",,0
"2024-11-30 09:00:00",,0
"2024-11-30 10:00:00",,0
"2024-11-30 11:00:00",,0
"2024-11-30 12:00:00",,0
"2024-11-30 13:00:00",,0
"2024-11-30 14:00:00",,0
"2024-11-30 15:00:00",,0
"2024-11-30 16:00:00",,0
"2024-11-30 17:00:00",,0
"2024-11-30 18:00:00",,0
"2024-11-30 19:00:00",,0
"2024-11-30 20:00:00",,0
"2024-11-30 21:00:00",,0
"2024-11-30 22:00:00",,0
"2024-11-30 23:00:00",,0
"2024-12-01 00:00:00",,0
"2024-12-01 01:00:00",,0
"2024-12-01 02:00:00",,0
"2024-12-01 03:00:00",,0
"2024-12-01 04:00:00",,0
"2024-12-01 05:00:00",,0
"2024-12-01 06:00:00",,0
"2024-12-01 07:00:00",,0
"2024-12-01 08:00:00",,0
"2024-12-01 09:00:00",,0
"2024-12-01 10:00:00",,0
"2024-12-01 11:00:00",,0
"2024-12-01 12:00:00",,0
"2024-12-01 13:00:00",,0
"2024-12-01 14:00:00",,0
"2024-12-01 15:00:00",,0
"2024-12-01 16:00:00",,0
"2024-12-01 17:00:00",,0
"2024-12-01 18:00:00",,0
"2024-12-01 19:00:00",,0
"2024-12-01 20:00:00",,0
"2024-12-01 21:00:00",,0
"2024-12-01 22:00:00",,0
"2024-12-01 23:00:00",,0
"2024-12-02 00:00:00",,0
"2024-12-02 01:00:00",,0
"2024-12-02 02:00:00",,0
"2024-12-02 03:00:00",,0
"2024-12-02 04:00:00",,0
"2024-12-02 05:00:00",,0
"2024-12-02 06:00:00",,0
"2024-12-02 07:00:00",,0
"2024-12-02 08:00:00",,0
"2024-12-02 09:00:00",,0
"2024-12-02 10:00:00",,0
"2024-12-02 11:00:00",,0
"2024-12-02 12:00:00",,0
"2024-12-02 13:00:00",,0
"2024-12-02 14:00:00",,0
"2024-12-02 15:00:00",,0
"2024-12-02 16:00:00",,0
"2024-12-02 17:00:00",,0
"2024-12-02 18:00:00",,0
"2024-12-02 19:00:00",,0
"2024-12-02 20:00:00",,0
"2024-12-02 21:00:00",,0
"2024-12-02 22:00:00",,0
"2024-12-02 23:00:00",,0
"2024-12-03 00:00:00",,0
"2024-12-03 01:00:00",,0
"2024-12-03 02:00:00",,0
"2024-12-03 03:00:00",,0
"2024-12-03 04:00:00",,0
"2024-12-03 05:00:00",,0
"2024-12-03 06:00:00",,0
"2024-12-03 07:00:00",,0
"2024-12-03 08:00:00",,0
"2024-12-03 09:00:00",,0
"2024-12-03 10:00:00",,0
"2024-12-03 11:00:00",,0
"2024-12-03 12:00:00",,0
"2024-12-03 13:00:00",,0
"2024-12-03 14:00:00",,0
"2024-12-03 15:00:00",,0
"2024-12-03 16:00:00",,0
"2024-12-03 17:00:00",,0
"2024-12-03 18:00:00",,0
"2024-12-03 19:00:00",,0
"2024-12-03 19:30:00",,
"2024-12-03 19:40:00",,
"2024-12-03 19:50:00",,
"2024-12-03 20:00:00",,0
"2024-12-03 20:10:00",,
"2024-12-03 20:20:00",,
"2024-12-03 20:30:00",,
"2024-12-03 20:40:00",,
"2024-12-03 20:50:00",,
"2024-12-03 21:00:00",,0
"2024-12-03 21:10:00",,
"2024-12-03 21:20:00",,
"2024-12-03 21:30:00",,
"2024-12-03 21:40:00",,
"2024-12-03 21:50:00",,
"2024-12-03 22:00:00",,0
"2024-12-03 22:10:00",,
"2024-12-03 22:20:00",,
"2024-12-03 22:30:00",,
"2024-12-03 22:40:00",,
"2024-12-03 22:50:00",,
"2024-12-03 23:00:00",,0
"2024-12-03 23:10:00",,
"2024-12-03 23:20:00",,
"2024-12-03 23:30:00",,
"2024-12-03 23:40:00",,
"2024-12-03 23:50:00",,
"2024-12-04 00:00:00",,0
"2024-12-04 00:10:00",,
"2024-12-04 00:20:00",,
"2024-12-04 00:30:00",,
"2024-12-04 00:40:00",,
"2024-12-04 00:50:00",,
"2024-12-04 01:00:00",,0
"2024-12-04 01:10:00",,
"2024-12-04 01:20:00",,
"2024-12-04 01:30:00",,
"2024-12-04 01:40:00",,
"2024-12-04 01:50:00",,
"2024-12-04 02:00:00",,0
"2024-12-04 02:10:00",,
"2024-12-04 02:20:00",,
"2024-12-04 02:30:00",,
"2024-12-04 02:40:00",,
"2024-12-04 02:50:00",,
"2024-12-04 03:00:00",,0
"2024-12-04 03:10:00",,
"2024-12-04 03:20:00",,
"2024-12-04 03:30:00",,
"2024-12-04 03:40:00",,
"2024-12-04 03:50:00",,
"2024-12-04 04:00:00",,0
"2024-12-04 04:10:00",,
"2024-12-04 04:20:00",,
"2024-12-04 04:30:00",,
"2024-12-04 04:40:00",,
"2024-12-04 04:50:00",,
"2024-12-04 05:00:00",,0
"2024-12-04 05:10:00",,
"2024-12-04 05:20:00",,
"2024-12-04 05:30:00",,
"2024-12-04 05:40:00",,
"2024-12-04 05:50:00",,
"2024-12-04 06:00:00",,0
"2024-12-04 06:10:00",,
"2024-12-04 06:20:00",,
"2024-12-04 06:30:00",,
"2024-12-04 06:40:00",,
"2024-12-04 06:50:00",,
"2024-12-04 07:00:00",,0
"2024-12-04 07:10:00",,
"2024-12-04 07:20:00",,
"2024-12-04 07:30:00",,
"2024-12-04 07:40:00",,
"2024-12-04 07:50:00",,
"2024-12-04 08:00:00",,0
"2024-12-04 08:10:00",,
"2024-12-04 08:20:00",,
"2024-12-04 08:30:00",,
"2024-12-04 08:40:00",,
"2024-12-04 08:50:00",,
"2024-12-04 09:00:00",,0
"2024-12-04 09:10:00",,
"2024-12-04 09:20:00",,
"2024-12-04 09:30:00",,
"2024-12-04 09:40:00",,
"2024-12-04 09:50:00",,
"2024-12-04 10:00:00",,0
"2024-12-04 10:10:00",,
"2024-12-04 10:20:00",,
"2024-12-04 10:30:00",,
"2024-12-04 10:40:00",,
"2024-12-04 10:50:00",,
"2024-12-04 11:00:00",,0
"2024-12-04 11:10:00",,
"2024-12-04 11:20:00",,
"2024-12-04 11:30:00",,
"2024-12-04 11:40:00",,
"2024-12-04 11:50:00",,
"2024-12-04 12:00:00",,0
"2024-12-04 12:10:00",,
"2024-12-04 12:20:00",,
"2024-12-04 12:30:00",,
"2024-12-04 12:40:00",,
"2024-12-04 12:50:00",,
"2024-12-04 13:00:00",,0
"2024-12-04 13:10:00",,
"2024-12-04 13:20:00",,
"2024-12-04 13:30:00",,
"2024-12-04 13:40:00",,
"2024-12-04 13:50:00",,
"2024-12-04 14:00:00",,0
"2024-12-04 14:10:00",,
"2024-12-04 14:20:00",,
"2024-12-04 14:30:00",,
"2024-12-04 14:40:00",,
"2024-12-04 14:50:00",,
"2024-12-04 15:00:00",,0
"2024-12-04 15:10:00",,
"2024-12-04 15:20:00",,
"2024-12-04 15:30:00",,
"2024-12-04 15:40:00",,
"2024-12-04 15:50:00",,
"2024-12-04 16:00:00",,0
"2024-12-04 16:10:00",,
"2024-12-04 16:20:00",,
"2024-12-04 16:30:00",,
"2024-12-04 16:40:00",,
"2024-12-04 16:50:00",,
"2024-12-04 17:00:00",,0
"2024-12-04 17:10:00",,
"2024-12-04 17:20:00",,
"2024-12-04 17:30:00",,
"2024-12-04 17:40:00",,
"2024-12-04 17:50:00",,
"2024-12-04 18:00:00",,0
"2024-12-04 18:10:00",,
"2024-12-04 18:20:00",,
"2024-12-04 18:30:00",,
"2024-12-04 18:40:00",,
"2024-12-04 18:50:00",,
"2024-12-04 19:00:00",,0
"2024-12-04 19:10:00",,
"2024-12-04 19:20:00",,
"2024-12-04 19:30:00",,
"2024-12-04 19:40:00",,
"2024-12-04 19:50:00",,
"2024-12-04 20:00:00",,0
"2024-12-04 20:10:00",,
"2024-12-04 20:20:00",,
"2024-12-04 20:30:00",,
"2024-12-04 20:40:00",,
"2024-12-04 20:50:00",,
"2024-12-04 21:00:00",,0
"2024-12-04 21:10:00",,
"2024-12-04 21:20:00",,
"2024-12-04 21:30:00",,
"2024-12-04 21:40:00",,
"2024-12-04 21:50:00",,
"2024-12-04 22:00:00",,0
"2024-12-04 22:10:00",,
"2024-12-04 22:20:00",,
"2024-12-04 22:30:00",,
"2024-12-04 22:40:00",,
"2024-12-04 22:50:00",,
"2024-12-04 23:00:00",,0
"2024-12-04 23:10:00",,
"2024-12-04 23:20:00",,
"2024-12-04 23:30:00",,
"2024-12-04 23:40:00",,
"2024-12-04 23:50:00",,
"2024-12-05 00:00:00",,0
"2024-12-05 00:10:00",,
"2024-12-05 00:20:00",,
"2024-12-05 00:30:00",,
"2024-12-05 00:40:00",,
"2024-12-05 00:50:00",,
"2024-12-05 01:00:00",,2681
"2024-12-05 01:10:00",,
"2024-12-05 01:20:00",,
"2024-12-05 01:30:00",,
"2024-12-05 01:40:00",,
"2024-12-05 01:50:00",,
"2024-12-05 02:00:00",,6080
"2024-12-05 02:10:00",,
"2024-12-05 02:20:00",,
"2024-12-05 02:30:00",,
"2024-12-05 02:40:00",,
"2024-12-05 02:50:00",,
"2024-12-05 03:00:00",,9467
"2024-12-05 03:10:00",,
"2024-12-05 03:20:00",,
"2024-12-05 03:30:00",,
"2024-12-05 03:40:00",,
"2024-12-05 03:50:00",,
"2024-12-05 04:00:00",,12775
"2024-12-05 04:10:00",,
"2024-12-05 04:20:00",,
"2024-12-05 04:30:00",,
"2024-12-05 04:40:00",,
"2024-12-05 04:50:00",,
"2024-12-05 05:00:00",,15797
"2024-12-05 05:10:00",,
"2024-12-05 05:20:00",,
"2024-12-05 05:30:00",,
"2024-12-05 05:40:00",,
"2024-12-05 05:50:00",,
"2024-12-05 06:00:00",,18477
"2024-12-05 06:10:00",,
"2024-12-05 06:20:00",,
"2024-12-05 06:30:00",,
"2024-12-05 06:40:00",,
"2024-12-05 06:50:00",,
"2024-12-05 07:00:00",,20712
"2024-12-05 07:10:00",,
"2024-12-05 07:20:00",,
"2024-12-05 07:30:00",,
"2024-12-05 07:40:00",,
"2024-12-05 07:50:00",,
"2024-12-05 08:00:00",,22521
"2024-12-05 08:10:00",,
"2024-12-05 08:20:00",,
"2024-12-05 08:30:00",,
"2024-12-05 08:40:00",,
"2024-12-05 08:50:00",,
"2024-12-05 09:00:00",,23981
"2024-12-05 09:10:00",,
"2024-12-05 09:20:00",,
"2024-12-05 09:30:00",,
"2024-12-05 09:40:00",,
"2024-12-05 09:50:00",,
"2024-12-05 10:00:00",,25203
"2024-12-05 10:10:00",,
"2024-12-05 10:20:00",,
"2024-12-05 10:30:00",,
"2024-12-05 10:40:00",,
"2024-12-05 10:50:00",,
"2024-12-05 11:00:00",,26352
"2024-12-05 11:10:00",,
"2024-12-05 11:20:00",,
"2024-12-05 11:30:00",,
"2024-12-05 11:40:00",,
"2024-12-05 11:50:00",,
"2024-12-05 12:00:00",,27608
"2024-12-05 12:10:00",,
"2024-12-05 12:20:00",,
"2024-12-05 12:30:00",,
"2024-12-05 12:40:00",,
"2024-12-05 12:50:00",,
"2024-12-05 13:00:00",,29040
"2024-12-05 13:10:00",,
"2024-12-05 13:20:00",,
"2024-12-05 13:30:00",,
"2024-12-05 13:40:00",,
"2024-12-05 13:50:00",,
"2024-12-05 14:00:00",,30658
"2024-12-05 14:10:00",,
"2024-12-05 14:20:00",,
"2024-12-05 14:30:00",,
"2024-12-05 14:40:00",,
"2024-12-05 14:50:00",,
"2024-12-05 15:00:00",,32401
"2024-12-05 15:10:00",,
"2024-12-05 15:20:00",,
"2024-12-05 15:30:00",,
"2024-12-05 15:40:00",,
"2024-12-05 15:50:00",,
"2024-12-05 16:00:00",,34221
"2024-12-05 16:10:00",,
"2024-12-05 16:20:00",,
"2024-12-05 16:30:00",,
"2024-12-05 16:40:00",,
"2024-12-05 16:50:00",,
"2024-12-05 17:00:00",,36073
"2024-12-05 17:10:00",,
"2024-12-05 17:20:00",,
"2024-12-05 17:30:00",,
"2024-12-05 17:40:00",,
"2024-12-05 17:50:00",,
"2024-12-05 18:00:00",,37958
"2024-12-05 18:10:00",,
"2024-12-05 18:20:00",,
"2024-12-05 18:30:00",,
"2024-12-05 18:40:00",,
"2024-12-05 18:50:00",,
"2024-12-05 19:00:00",,39866
"2024-12-05 19:10:00",,
"2024-12-05 19:20:00",,
"2024-12-05 19:30:00",,
"2024-12-05 19:40:00",,
"2024-12-05 19:50:00",,
"2024-12-05 20:00:00",,41873
"2024-12-05 20:10:00",,
"2024-12-05 20:20:00",,
"2024-12-05 20:30:00",,
"2024-12-05 20:40:00",,
"2024-12-05 20:50:00",,
"2024-12-05 21:00:00",,43993
"2024-12-05 21:10:00",,
"2024-12-05 21:20:00",,
"2024-12-05 21:30:00",,
"2024-12-05 21:40:00",,
"2024-12-05 21:50:00",,
"2024-12-05 22:00:00",,46182
"2024-12-05 22:10:00",,
"2024-12-05 22:20:00",,
"2024-12-05 22:30:00",,
"2024-12-05 22:40:00",,
"2024-12-05 22:50:00",,
"2024-12-05 23:00:00",,48312
"2024-12-05 23:10:00",,
"2024-12-05 23:20:00",,
"2024-12-05 23:30:00",,
"2024-12-05 23:40:00",,
"2024-12-05 23:50:00",,
"2024-12-06 00:00:00",39,62407
"2024-12-06 00:10:00",76261,
"2024-12-06 00:20:00",174410,
"2024-12-06 00:30:00",243728,
"2024-12-06 00:40:00",300155,
"2024-12-06 00:50:00",342086,
"2024-12-06 01:00:00",372430,77679
"2024-12-06 01:10:00",395455,
"2024-12-06 01:20:00",411980,
"2024-12-06 01:30:00",423594,
"2024-12-06 01:40:00",432793,
"2024-12-06 01:50:00",439283,
"2024-12-06 02:00:00",442395,92650
"2024-12-06 02:10:00",443233,
"2024-12-06 02:20:00",444081,
"2024-12-06 02:30:00",444286,
"2024-12-06 02:40:00",443347,
"2024-12-06 02:50:00",443167,
"2024-12-06 03:00:00",440318,107630
"2024-12-06 03:10:00",435400,
"2024-12-06 03:20:00",431035,
"2024-12-06 03:30:00",426530,
"2024-12-06 03:40:00",420924,
"2024-12-06 03:50:00",415683,
"2024-12-06 04:00:00",409403,121655
"2024-12-06 04:10:00",402052,
"2024-12-06 04:20:00",395556,
"2024-12-06 04:30:00",389369,
"2024-12-06 04:40:00",384038,
"2024-12-06 04:50:00",377759,
"2024-12-06 05:00:00",370260,134529
"2024-12-06 05:10:00",360416,
"2024-12-06 05:20:00",351841,
"2024-12-06 05:30:00",342934,
"2024-12-06 05:40:00",334243,
"2024-12-06 05:50:00",325711,
"2024-12-06 06:00:00",316423,145685
"2024-12-06 06:10:00",306038,
"2024-12-06 06:20:00",296800,
"2024-12-06 06:30:00",288246,
"2024-12-06 06:40:00",279925,
"2024-12-06 06:50:00",271711,
"2024-12-06 07:00:00",263934,155115
"2024-12-06 07:10:00",255329,
"2024-12-06 07:20:00",247607,
"2024-12-06 07:30:00",240642,
"2024-12-06 07:40:00",233701,
"2024-12-06 07:50:00",226719,
"2024-12-06 08:00:00",220765,163048
"2024-12-06 08:10:00",214259,
"2024-12-06 08:20:00",208465,
"2024-12-06 08:30:00",203419,
"2024-12-06 08:40:00",198922,
"2024-12-06 08:50:00",195457,
"2024-12-06 09:00:00",191699,169943
"2024-12-06 09:10:00",187646,
"2024-12-06 09:20:00",185069,
"2024-12-06 09:30:00",182857,
"2024-12-06 09:40:00",181411,
"2024-12-06 09:50:00",180204,
"2024-12-06 10:00:00",179457,176562
"2024-12-06 10:10:00",179062,
"2024-12-06 10:20:00",179815,
"2024-12-06 10:30:00",181057,
"2024-12-06 10:40:00",182855,
"2024-12-06 10:50:00",184633,
"2024-12-06 11:00:00",186139,183763
"2024-12-06 11:10:00",188977,
"2024-12-06 11:20:00",192256,
"2024-12-06 11:30:00",195145,
"2024-12-06 11:40:00",198769,
"2024-12-06 11:50:00",202385,
"2024-12-06 12:00:00",205964,191993
"2024-12-06 12:10:00",210657,
"2024-12-06 12:20:00",215579,
"2024-12-06 12:30:00",220053,
"2024-12-06 12:40:00",225104,
"2024-12-06 12:50:00",230112,
"2024-12-06 13:00:00",234453,201345
"2024-12-06 13:10:00",239993,
"2024-12-06 13:20:00",239689,
"2024-12-06 13:30:00",249921,
"2024-12-06 13:40:00",255410,
"2024-12-06 13:50:00",259956,
"2024-12-06 14:00:00",262115,211530
"2024-12-06 14:10:00",264748,
"2024-12-06 14:20:00",268878,
"2024-12-06 14:30:00",273408,
"2024-12-06 14:40:00",278202,
"2024-12-06 14:50:00",281775,
"2024-12-06 15:00:00",283702,222331
"2024-12-06 15:10:00",286669,
"2024-12-06 15:20:00",289649,
"2024-12-06 15:30:00",292341,
"2024-12-06 15:40:00",295522,
"2024-12-06 15:50:00",297342,
"2024-12-06 16:00:00",297997,233493
"2024-12-06 16:10:00",299932,
"2024-12-06 16:20:00",301745,
"2024-12-06 16:30:00",303376,
"2024-12-06 16:40:00",305631,
"2024-12-06 16:50:00",306900,
"2024-12-06 17:00:00",307195,245035
"2024-12-06 17:10:00",308454,
"2024-12-06 17:20:00",310550,
"2024-12-06 17:30:00",312297,
"2024-12-06 17:40:00",314631,
"2024-12-06 17:50:00",316612,
"2024-12-06 18:00:00",317133,256939
"2024-12-06 18:10:00",319353,
"2024-12-06 18:20:00",321751,
"2024-12-06 18:30:00",323881,
"2024-12-06 18:40:00",325307,
"2024-12-06 18:50:00",325375,
"2024-12-06 19:00:00",323772,269651
"2024-12-06 19:10:00",325265,
"2024-12-06 19:20:00",329975,
"2024-12-06 19:30:00",335311,
"2024-12-06 19:40:00",340655,
"2024-12-06 19:50:00",345301,
"2024-12-06 20:00:00",346721,283245
"2024-12-06 20:10:00",351581,
"2024-12-06 20:20:00",355726,
"2024-12-06 20:30:00",358041,
"2024-12-06 20:40:00",362010,
"2024-12-06 20:50:00",368016,
"2024-12-06 21:00:00",371873,297426
"2024-12-06 21:10:00",374486,
"2024-12-06 21:20:00",376952,
"2024-12-06 21:30:00",383108,
"2024-12-06 21:40:00",384519,
"2024-12-06 21:50:00",382635,
"2024-12-06 22:00:00",382285,311486
"2024-12-06 22:10:00",382005,
"2024-12-06 22:20:00",381963,
"2024-12-06 22:30:00",382220,
"2024-12-06 22:40:00",382085,
"2024-12-06 22:50:00",381871,
"2024-12-06 23:00:00",380939,325544
"2024-12-06 23:10:00",379185,
"2024-12-06 23:20:00",378423,
"2024-12-06 23:30:00",377485,
"2024-12-06 23:40:00",376931,
"2024-12-06 23:50:00",376087,
"2024-12-07 00:00:00",374964,327000
"2024-12-07 00:10:00",373592,
"2024-12-07 00:20:00",374140,
"2024-12-07 00:30:00",374994,
"2024-12-07 00:40:00",376851,
"2024-12-07 00:50:00",377792,
"2024-12-07 01:00:00",378509,325489
"2024-12-07 01:10:00",380884,
"2024-12-07 01:20:00",383819,
"2024-12-07 01:30:00",387012,
"2024-12-07 01:40:00",390758,
"2024-12-07 01:50:00",393742,
"2024-12-07 02:00:00",396306,324484
"2024-12-07 02:10:00",399902,
"2024-12-07 02:20:00",403410,
"2024-12-07 02:30:00",407201,
"2024-12-07 02:40:00",411038,
"2024-12-07 02:50:00",413420,
"2024-12-07 03:00:00",415798,323943
"2024-12-07 03:10:00",417922,
"2024-12-07 03:20:00",419870,
"2024-12-07 03:30:00",421308,
"2024-12-07 03:40:00",422451,
"2024-12-07 03:50:00",422996,
"2024-12-07 04:00:00",421782,324476
"2024-12-07 04:10:00",419986,
"2024-12-07 04:20:00",418902,
"2024-12-07 04:30:00",416454,
"2024-12-07 04:40:00",414179,
"2024-12-07 04:50:00",410996,
"2024-12-07 05:00:00",407000,325897
"2024-12-07 05:10:00",401343,
"2024-12-07 05:20:00",396122,
"2024-12-07 05:30:00",390703,
"2024-12-07 05:40:00",385097,
"2024-12-07 05:50:00",377937,
"2024-12-07 06:00:00",370722,328001
"2024-12-07 06:10:00",361898,
"2024-12-07 06:20:00",353977,
"2024-12-07 06:30:00",346054,
"2024-12-07 06:40:00",337042,
"2024-12-07 06:50:00",328863,
"2024-12-07 07:00:00",320604,330239
"2024-12-07 07:10:00",311869,
"2024-12-07 07:20:00",303719,
"2024-12-07 07:30:00",296295,
"2024-12-07 07:40:00",288321,
"2024-12-07 07:50:00",281396,
"2024-12-07 08:00:00",273973,332395
"2024-12-07 08:10:00",266531,
"2024-12-07 08:20:00",259913,
"2024-12-07 08:30:00",253992,
"2024-12-07 08:40:00",248519,
"2024-12-07 08:50:00",243571,
"2024-12-07 09:00:00",238314,334295
"2024-12-07 09:10:00",232869,
"2024-12-07 09:20:00",228648,
"2024-12-07 09:30:00",225261,
"2024-12-07 09:40:00",222276,
"2024-12-07 09:50:00",219751,
"2024-12-07 10:00:00",217408,335729
"2024-12-07 10:10:00",216037,
"2024-12-07 10:20:00",215900,
"2024-12-07 10:30:00",216177,
"2024-12-07 10:40:00",217725,
"2024-12-07 10:50:00",219738,
"2024-12-07 11:00:00",221786,337243
"2024-12-07 11:10:00",224464,
"2024-12-07 11:20:00",228158,
"2024-12-07 11:30:00",232015,
"2024-12-07 11:40:00",235957,
"2024-12-07 11:50:00",240483,
"2024-12-07 12:00:00",244971,338960
"2024-12-07 12:10:00",250173,
"2024-12-07 12:20:00",255305,
"2024-12-07 12:30:00",261077,
"2024-12-07 12:40:00",267118,
"2024-12-07 12:50:00",273466,
"2024-12-07 13:00:00",276236,340852
"2024-12-07 13:10:00",284302,
"2024-12-07 13:20:00",290384,
"2024-12-07 13:30:00",296290,
"2024-12-07 13:40:00",302493,
"2024-12-07 13:50:00",307548,
"2024-12-07 14:00:00",311901,342941
"2024-12-07 14:10:00",316763,
"2024-12-07 14:20:00",321150,
"2024-12-07 14:30:00",326733,
"2024-12-07 14:40:00",331534,
"2024-12-07 14:50:00",334572,
"2024-12-07 15:00:00",336008,344932
"2024-12-07 15:10:00",338627,
"2024-12-07 15:20:00",341692,
"2024-12-07 15:30:00",343737,
"2024-12-07 15:40:00",346158,
"2024-12-07 15:50:00",348321,
"2024-12-07 16:00:00",348266,346894
"2024-12-07 16:10:00",349361,
"2024-12-07 16:20:00",351021,
"2024-12-07 16:30:00",353011,
"2024-12-07 16:40:00",355490,
"2024-12-07 16:50:00",357899,
"2024-12-07 17:00:00",359592,348963
"2024-12-07 17:10:00",360926,
"2024-12-07 17:20:00",363130,
"2024-12-07 17:30:00",363771,
"2024-12-07 17:40:00",367132,
"2024-12-07 17:50:00",370350,
"2024-12-07 18:00:00",372970,351472
"2024-12-07 18:10:00",376810,
"2024-12-07 18:20:00",379830,
"2024-12-07 18:30:00",383060,
"2024-12-07 18:40:00",386196,
"2024-12-07 18:50:00",389433,
"2024-12-07 19:00:00",392327,354217
"2024-12-07 19:10:00",396144,
"2024-12-07 19:20:00",400382,
"2024-12-07 19:30:00",407240,
"2024-12-07 19:40:00",411121,
"2024-12-07 19:50:00",414224,
"2024-12-07 20:00:00",415526,356672
"2024-12-07 20:10:00",417369,
"2024-12-07 20:20:00",420395,
"2024-12-07 20:30:00",422884,
"2024-12-07 20:40:00",425562,
"2024-12-07 20:50:00",428500,
"2024-12-07 21:00:00",429238,358560
"2024-12-07 21:10:00",429508,
"2024-12-07 21:20:00",429764,
"2024-12-07 21:30:00",430048,
"2024-12-07 21:40:00",430180,
"2024-12-07 21:50:00",430435,
"2024-12-07 22:00:00",430208,360512
"2024-12-07 22:10:00",428874,
"2024-12-07 22:20:00",427829,
"2024-12-07 22:30:00",426781,
"2024-12-07 22:40:00",424912,
"2024-12-07 22:50:00",422438,
"2024-12-07 23:00:00",419780,362079
"2024-12-07 23:10:00",417066,
"2024-12-07 23:20:00",414437,
"2024-12-07 23:30:00",412190,
"2024-12-07 23:40:00",410406,
"2024-12-07 23:50:00",409571,
"2024-12-08 00:00:00",411270,363607
"2024-12-08 00:10:00",413370,
"2024-12-08 00:20:00",415014,
"2024-12-08 00:30:00",415444,
"2024-12-08 00:40:00",416844,
"2024-12-08 00:50:00",417150,
"2024-12-08 01:00:00",417105,364942
"2024-12-08 01:10:00",420740,
"2024-12-08 01:20:00",422521,
"2024-12-08 01:30:00",425133,
"2024-12-08 01:40:00",427316,
"2024-12-08 01:50:00",428709,
"2024-12-08 02:00:00",429632,366112
"2024-12-08 02:10:00",431515,
"2024-12-08 02:20:00",434385,
"2024-12-08 02:30:00",437387,
"2024-12-08 02:40:00",440693,
"2024-12-08 02:50:00",443564,
"2024-12-08 03:00:00",444880,367159
"2024-12-08 03:10:00",446897,
"2024-12-08 03:20:00",449187,
"2024-12-08 03:30:00",450138,
"2024-12-08 03:40:00",451018,
"2024-12-08 03:50:00",450853,
"2024-12-08 04:00:00",448396,368110
"2024-12-08 04:10:00",447526,
"2024-12-08 04:20:00",447409,
"2024-12-08 04:30:00",446586,
"2024-12-08 04:40:00",444955,
"2024-12-08 04:50:00",443797,
"2024-12-08 05:00:00",441053,369241
"2024-12-08 05:10:00",437012,
"2024-12-08 05:20:00",433337,
"2024-12-08 05:30:00",429269,
"2024-12-08 05:40:00",424887,
"2024-12-08 05:50:00",420616,
"2024-12-08 06:00:00",414064,370631
"2024-12-08 06:10:00",406221,
"2024-12-08 06:20:00",401870,
"2024-12-08 06:30:00",395457,
"2024-12-08 06:40:00",388582,
"2024-12-08 06:50:00",381407,
"2024-12-08 07:00:00",373365,372276
"2024-12-08 07:10:00",364814,
"2024-12-08 07:20:00",356442,
"2024-12-08 07:30:00",348737,
"2024-12-08 07:40:00",340325,
"2024-12-08 07:50:00",332360,
"2024-12-08 08:00:00",323837,373783
"2024-12-08 08:10:00",314938,
"2024-12-08 08:20:00",306936,
"2024-12-08 08:30:00",299619,
"2024-12-08 08:40:00",292645,
"2024-12-08 08:50:00",286568,
"2024-12-08 09:00:00",280036,375037
"2024-12-08 09:10:00",274328,
"2024-12-08 09:20:00",268973,
"2024-12-08 09:30:00",264449,
"2024-12-08 09:40:00",260205,
"2024-12-08 09:50:00",257115,
"2024-12-08 10:00:00",254492,376106
"2024-12-08 10:10:00",252432,
"2024-12-08 10:20:00",251286,
"2024-12-08 10:30:00",251077,
"2024-12-08 10:40:00",252247,
"2024-12-08 10:50:00",254114,
"2024-12-08 11:00:00",256419,377321
"2024-12-08 11:10:00",258607,
"2024-12-08 11:20:00",262390,
"2024-12-08 11:30:00",267050,
"2024-12-08 11:40:00",271912,
"2024-12-08 11:50:00",277063,
"2024-12-08 12:00:00",282029,378695
"2024-12-08 12:10:00",288450,
"2024-12-08 12:20:00",294615,
"2024-12-08 12:30:00",300768,
"2024-12-08 12:40:00",307776,
"2024-12-08 12:50:00",313766,
"2024-12-08 13:00:00",318836,380100
"2024-12-08 13:10:00",324593,
"2024-12-08 13:20:00",330995,
"2024-12-08 13:30:00",337160,
"2024-12-08 13:40:00",343298,
"2024-12-08 13:50:00",348306,
"2024-12-08 14:00:00",352035,381247
"2024-12-08 14:10:00",356426,
"2024-12-08 14:20:00",359956,
"2024-12-08 14:30:00",362554,
"2024-12-08 14:40:00",365443,
"2024-12-08 14:50:00",368021,
"2024-12-08 15:00:00",367876,382106
"2024-12-08 15:10:00",368400,
"2024-12-08 15:20:00",369972,
"2024-12-08 15:30:00",371455,
"2024-12-08 15:40:00",372947,
"2024-12-08 15:50:00",374378,
"2024-12-08 16:00:00",374324,382974
"2024-12-08 16:10:00",374988,
"2024-12-08 16:20:00",377293,
"2024-12-08 16:30:00",379301,
"2024-12-08 16:40:00",381591,
"2024-12-08 16:50:00",384561,
"2024-12-08 17:00:00",386750,384285
"2024-12-08 17:10:00",389755,
"2024-12-08 17:20:00",394634,
"2024-12-08 17:30:00",398994,
"2024-12-08 17:40:00",403508,
"2024-12-08 17:50:00",408708,
"2024-12-08 18:00:00",412642,386082
"2024-12-08 18:10:00",416823,
"2024-12-08 18:20:00",422229,
"2024-12-08 18:30:00",428924,
"2024-12-08 18:40:00",435234,
"2024-12-08 18:50:00",440156,
"2024-12-08 19:00:00",444613,388100
"2024-12-08 19:10:00",449847,
"2024-12-08 19:20:00",455520,
"2024-12-08 19:30:00",461306,
"2024-12-08 19:40:00",466492,
"2024-12-08 19:50:00",471115,
"2024-12-08 20:00:00",473419,389942
"2024-12-08 20:10:00",476104,
"2024-12-08 20:20:00",478149,
"2024-12-08 20:30:00",479466,
"2024-12-08 20:40:00",480990,
"2024-12-08 20:50:00",480790,
"2024-12-08 21:00:00",479876,391695
"2024-12-08 21:10:00",477964,
"2024-12-08 21:20:00",477186,
"2024-12-08 21:30:00",475435,
"2024-12-08 21:40:00",473659,
"2024-12-08 21:50:00",472548,
"2024-12-08 22:00:00",468807,393049
"2024-12-08 22:10:00",464030,
"2024-12-08 22:20:00",460066,
"2024-12-08 22:30:00",456227,
"2024-12-08 22:40:00",451556,
"2024-12-08 22:50:00",448025,
"2024-12-08 23:00:00",443452,393861
"2024-12-08 23:10:00",438299,
"2024-12-08 23:20:00",434625,
"2024-12-08 23:30:00",431640,
"2024-12-08 23:40:00",429451,
"2024-12-08 23:50:00",428400,
"2024-12-09 00:00:00",426424,394432
"2024-12-09 00:10:00",424641,
"2024-12-09 00:20:00",425331,
"2024-12-09 00:30:00",427025,
"2024-12-09 00:40:00",429927,
"2024-12-09 00:50:00",433049,
"2024-12-09 01:00:00",434117,395267
"2024-12-09 01:10:00",436673,
"2024-12-09 01:20:00",439659,
"2024-12-09 01:30:00",442860,
"2024-12-09 01:40:00",446121,
"2024-12-09 01:50:00",448908,
"2024-12-09 02:00:00",449628,395678
"2024-12-09 02:10:00",450688,
"2024-12-09 02:20:00",452007,
"2024-12-09 02:30:00",451714,
"2024-12-09 02:40:00",451514,
"2024-12-09 02:50:00",450664,
"2024-12-09 03:00:00",447035,395624
"2024-12-09 03:10:00",436546,
"2024-12-09 03:20:00",432927,
"2024-12-09 03:30:00",429532,
"2024-12-09 03:40:00",425172,
"2024-12-09 03:50:00",420791,
"2024-12-09 04:00:00",414194,394388
"2024-12-09 04:10:00",406921,
"2024-12-09 04:20:00",401193,
"2024-12-09 04:30:00",396489,
"2024-12-09 04:40:00",391726,
"2024-12-09 04:50:00",385709,
"2024-12-09 05:00:00",377456,392006
"2024-12-09 05:10:00",367771,
"2024-12-09 05:20:00",358038,
"2024-12-09 05:30:00",347595,
"2024-12-09 05:40:00",337311,
"2024-12-09 05:50:00",327112,
"2024-12-09 06:00:00",316455,388266
"2024-12-09 06:10:00",305137,
"2024-12-09 06:20:00",295549,
"2024-12-09 06:30:00",286886,
"2024-12-09 06:40:00",278239,
"2024-12-09 06:50:00",270306,
"2024-12-09 07:00:00",262396,383980
"2024-12-09 07:10:00",255394,
"2024-12-09 07:20:00",248368,
"2024-12-09 07:30:00",242178,
"2024-12-09 07:40:00",235948,
"2024-12-09 07:50:00",230580,
"2024-12-09 08:00:00",225520,380172
"2024-12-09 08:10:00",220441,
"2024-12-09 08:20:00",215798,
"2024-12-09 08:30:00",212150,
"2024-12-09 08:40:00",208681,
"2024-12-09 08:50:00",205408,
"2024-12-09 09:00:00",202077,377153
"2024-12-09 09:10:00",198796,
"2024-12-09 09:20:00",196285,
"2024-12-09 09:30:00",193961,
"2024-12-09 09:40:00",192664,
"2024-12-09 09:50:00",192114,
"2024-12-09 10:00:00",190948,374824
"2024-12-09 10:10:00",190049,
"2024-12-09 10:20:00",190511,
"2024-12-09 10:30:00",191698,
"2024-12-09 10:40:00",193878,
"2024-12-09 10:50:00",196227,
"2024-12-09 11:00:00",198102,372579
"2024-12-09 11:10:00",201585,
"2024-12-09 11:20:00",205524,
"2024-12-09 11:30:00",210204,
"2024-12-09 11:40:00",215132,
"2024-12-09 11:50:00",220142,
"2024-12-09 12:00:00",225024,370368
"2024-12-09 12:10:00",230948,
"2024-12-09 12:20:00",237315,
"2024-12-09 12:30:00",244037,
"2024-12-09 12:40:00",251336,
"2024-12-09 12:50:00",257929,
"2024-12-09 13:00:00",264308,368311
"2024-12-09 13:10:00",271085,
"2024-12-09 13:20:00",278429,
"2024-12-09 13:30:00",284858,
"2024-12-09 13:40:00",291386,
"2024-12-09 13:50:00",296557,
"2024-12-09 14:00:00",300305,366106
"2024-12-09 14:10:00",304227,
"2024-12-09 14:20:00",307703,
"2024-12-09 14:30:00",309817,
"2024-12-09 14:40:00",312079,
"2024-12-09 14:50:00",312640,
"2024-12-09 15:00:00",310892,363579
"2024-12-09 15:10:00",308786,
"2024-12-09 15:20:00",308627,
"2024-12-09 15:30:00",308127,
"2024-12-09 15:40:00",307640,
"2024-12-09 15:50:00",307632,
"2024-12-09 16:00:00",306775,360751
"2024-12-09 16:10:00",306528,
"2024-12-09 16:20:00",308107,
"2024-12-09 16:30:00",310090,
"2024-12-09 16:40:00",312525,
"2024-12-09 16:50:00",313683,
"2024-12-09 17:00:00",316865,357801
"2024-12-09 17:10:00",319954,
"2024-12-09 17:20:00",322092,
"2024-12-09 17:30:00",327416,
"2024-12-09 17:40:00",331659,
"2024-12-09 17:50:00",335279,
"2024-12-09 18:00:00",338254,354371
"2024-12-09 18:10:00",339947,
"2024-12-09 18:20:00",345926,
"2024-12-09 18:30:00",349829,
"2024-12-09 18:40:00",351346,
"2024-12-09 18:50:00",355184,
"2024-12-09 19:00:00",357715,350628
"2024-12-09 19:10:00",361225,
"2024-12-09 19:20:00",365531,
"2024-12-09 19:30:00",369659,
"2024-12-09 19:40:00",373130,
"2024-12-09 19:50:00",378374,
"2024-12-09 20:00:00",381120,347070
"2024-12-09 20:10:00",383550,
"2024-12-09 20:20:00",387971,
"2024-12-09 20:30:00",389524,
"2024-12-09 20:40:00",391705,
"2024-12-09 20:50:00",393644,
"2024-12-09 21:00:00",394111,343611
"2024-12-09 21:10:00",393770,
"2024-12-09 21:20:00",394614,
"2024-12-09 21:30:00",394759,
"2024-12-09 21:40:00",394873,
"2024-12-09 21:50:00",395734,
"2024-12-09 22:00:00",395739,340587
"2024-12-09 22:10:00",392862,
"2024-12-09 22:20:00",391661,
"2024-12-09 22:30:00",390438,
"2024-12-09 22:40:00",389216,
"2024-12-09 22:50:00",388103,
"2024-12-09 23:00:00",387062,338427
"2024-12-09 23:10:00",385121,
"2024-12-09 23:20:00",385290,
"2024-12-09 23:30:00",386623,
"2024-12-09 23:40:00",388782,
"2024-12-09 23:50:00",391926,
"2024-12-10 00:00:00",393706,337726
"2024-12-10 00:10:00",396494,
"2024-12-10 00:20:00",401012,
"2024-12-10 00:30:00",405861,
"2024-12-10 00:40:00",411772,
"2024-12-10 00:50:00",417525,
"2024-12-10 01:00:00",422023,337569
"2024-12-10 01:10:00",426995,
"2024-12-10 01:20:00",432510,
"2024-12-10 01:30:00",437595,
"2024-12-10 01:40:00",443221,
"2024-12-10 01:50:00",447686,
"2024-12-10 02:00:00",451121,337782
"2024-12-10 02:10:00",453631,
"2024-12-10 02:20:00",456305,
"2024-12-10 02:30:00",458563,
"2024-12-10 02:40:00",459937,
"2024-12-10 02:50:00",460883,
"2024-12-10 03:00:00",460436,338162
"2024-12-10 03:10:00",456610,
"2024-12-10 03:20:00",452926,
"2024-12-10 03:30:00",449982,
"2024-12-10 03:40:00",446145,
"2024-12-10 03:50:00",442114,
"2024-12-10 04:00:00",436576,338910
"2024-12-10 04:10:00",429163,
"2024-12-10 04:20:00",422469,
"2024-12-10 04:30:00",417181,
"2024-12-10 04:40:00",411841,
"2024-12-10 04:50:00",405371,
"2024-12-10 05:00:00",397646,339603
"2024-12-10 05:10:00",386322,
"2024-12-10 05:20:00",375356,
"2024-12-10 05:30:00",365129,
"2024-12-10 05:40:00",354626,
"2024-12-10 05:50:00",344952,
"2024-12-10 06:00:00",334877,340280
"2024-12-10 06:10:00",322834,
"2024-12-10 06:20:00",311840,
"2024-12-10 06:30:00",302778,
"2024-12-10 06:40:00",293620,
"2024-12-10 06:50:00",285508,
"2024-12-10 07:00:00",276763,340877
"2024-12-10 07:10:00",268294,
"2024-12-10 07:20:00",260703,
"2024-12-10 07:30:00",254177,
"2024-12-10 07:40:00",247655,
"2024-12-10 07:50:00",241724,
"2024-12-10 08:00:00",236351,341409
"2024-12-10 08:10:00",208472,
"2024-12-10 08:20:00",173884,
"2024-12-10 08:30:00",149290,
"2024-12-10 08:40:00",146196,
"2024-12-10 08:50:00",150267,
"2024-12-10 09:00:00",152579,340218
"2024-12-10 09:10:00",153689,
"2024-12-10 09:20:00",150869,
"2024-12-10 09:30:00",158735,
"2024-12-10 09:40:00",165317,
"2024-12-10 09:50:00",169534,
"2024-12-10 10:00:00",171857,339862
"2024-12-10 10:10:00",173629,
"2024-12-10 10:20:00",175516,
"2024-12-10 10:30:00",177317,
"2024-12-10 10:40:00",179542,
"2024-12-10 10:50:00",181924,
"2024-12-10 11:00:00",184253,339394
"2024-12-10 11:10:00",186682,
"2024-12-10 11:20:00",190691,
"2024-12-10 11:30:00",194397,
"2024-12-10 11:40:00",198669,
"2024-12-10 11:50:00",203540,
"2024-12-10 12:00:00",207794,338775
"2024-12-10 12:10:00",212940,
"2024-12-10 12:20:00",219227,
"2024-12-10 12:30:00",224982,
"2024-12-10 12:40:00",231778,
"2024-12-10 12:50:00",238427,
"2024-12-10 13:00:00",244724,338128
"2024-12-10 13:10:00",250972,
"2024-12-10 13:20:00",258087,
"2024-12-10 13:30:00",264886,
"2024-12-10 13:40:00",271500,
"2024-12-10 13:50:00",277588,
"2024-12-10 14:00:00",281849,337573
"2024-12-10 14:10:00",285857,
"2024-12-10 14:20:00",290533,
"2024-12-10 14:30:00",293829,
"2024-12-10 14:40:00",295678,
"2024-12-10 14:50:00",297210,
"2024-12-10 15:00:00",296753,337043
"2024-12-10 15:10:00",294047,
"2024-12-10 15:20:00",293109,
"2024-12-10 15:30:00",292762,
"2024-12-10 15:40:00",290967,
"2024-12-10 15:50:00",290588,
"2024-12-10 16:00:00",289773,336124
"2024-12-10 16:10:00",287245,
"2024-12-10 16:20:00",287072,
"2024-12-10 16:30:00",287519,
"2024-12-10 16:40:00",288784,
"2024-12-10 16:50:00",290200,
"2024-12-10 17:00:00",291416,334946
"2024-12-10 17:10:00",293046,
"2024-12-10 17:20:00",295747,
"2024-12-10 17:30:00",298301,
"2024-12-10 17:40:00",301650,
"2024-12-10 17:50:00",305387,
"2024-12-10 18:00:00",308322,333888
"2024-12-10 18:10:00",311538,
"2024-12-10 18:20:00",315441,
"2024-12-10 18:30:00",319804,
"2024-12-10 18:40:00",324820,
"2024-12-10 18:50:00",328757,
"2024-12-10 19:00:00",330456,332046
"2024-12-10 19:10:00",332038,
"2024-12-10 19:20:00",333931,332046